In The Groove	E	D	2	Anubis	
In The Groove	H	D	9	Anubis	
In The Groove	M	D	8	Anubis	
In The Groove	X	D	10	Anubis	
In The Groove	E	S	5	Anubis	
In The Groove	H	S	8	Anubis	
In The Groove	M	S	7	Anubis	
In The Groove	N	S	1	Anubis	
In The Groove	X	S	10	Anubis	
In The Groove	E	D	6	Bend Your Mind	
In The Groove	H	D	9	Bend Your Mind	
In The Groove	M	D	8	Bend Your Mind	
In The Groove	X	D	10	Bend Your Mind	
In The Groove	E	S	6	Bend Your Mind	
In The Groove	H	S	9	Bend Your Mind	
In The Groove	M	S	7	Bend Your Mind	
In The Groove	N	S	1	Bend Your Mind	
In The Groove	X	S	10	Bend Your Mind	
In The Groove	E	D	4	Boogie Down	
In The Groove	H	D	8	Boogie Down	
In The Groove	M	D	6	Boogie Down	
In The Groove	X	D	9	Boogie Down	
In The Groove	E	S	3	Boogie Down	
In The Groove	H	S	8	Boogie Down	
In The Groove	M	S	6	Boogie Down	
In The Groove	N	S	1	Boogie Down	
In The Groove	X	S	9	Boogie Down	
In The Groove	E	D	5	Bouff	
In The Groove	H	D	9	Bouff	
In The Groove	M	D	7	Bouff	
In The Groove	X	D	10	Bouff	
In The Groove	E	S	5	Bouff	
In The Groove	H	S	9	Bouff	
In The Groove	M	S	7	Bouff	
In The Groove	N	S	1	Bouff	
In The Groove	X	S	10	Bouff	
In The Groove	E	D	3	Bubble Dancer	
In The Groove	H	D	9	Bubble Dancer	
In The Groove	M	D	7	Bubble Dancer	
In The Groove	E	S	3	Bubble Dancer	
In The Groove	H	S	7	Bubble Dancer	
In The Groove	M	S	5	Bubble Dancer	
In The Groove	N	S	1	Bubble Dancer	
In The Groove	E	D	1	Changes	
In The Groove	H	D	8	Changes	
In The Groove	M	D	5	Changes	
In The Groove	E	S	2	Changes	
In The Groove	H	S	7	Changes	
In The Groove	M	S	4	Changes	
In The Groove	N	S	1	Changes	
In The Groove	E	D	3	Charlene	
In The Groove	H	D	7	Charlene	
In The Groove	M	D	6	Charlene	
In The Groove	X	D	9	Charlene	
In The Groove	E	S	3	Charlene	
In The Groove	H	S	8	Charlene	
In The Groove	M	S	4	Charlene	
In The Groove	N	S	1	Charlene	
In The Groove	X	S	11	Charlene	
In The Groove	E	D	3	Crazy	
In The Groove	H	D	7	Crazy	
In The Groove	M	D	6	Crazy	
In The Groove	E	S	2	Crazy	
In The Groove	H	S	7	Crazy	
In The Groove	M	S	5	Crazy	
In The Groove	N	S	1	Crazy	
In The Groove	E	D	4	Da Roots	(Folk Mix)
In The Groove	H	D	9	Da Roots	(Folk Mix)
In The Groove	M	D	6	Da Roots	(Folk Mix)
In The Groove	X	D	9	Da Roots	(Folk Mix)
In The Groove	E	S	2	Da Roots	(Folk Mix)
In The Groove	H	S	7	Da Roots	(Folk Mix)
In The Groove	M	S	4	Da Roots	(Folk Mix)
In The Groove	N	S	1	Da Roots	(Folk Mix)
In The Groove	X	S	9	Da Roots	(Folk Mix)
In The Groove	E	D	4	Dawn	
In The Groove	H	D	8	Dawn	
In The Groove	M	D	6	Dawn	
In The Groove	X	D	9	Dawn	
In The Groove	E	S	3	Dawn	
In The Groove	H	S	8	Dawn	
In The Groove	M	S	5	Dawn	
In The Groove	N	S	1	Dawn	
In The Groove	X	S	9	Dawn	
In The Groove	E	D	6	Delirium	
In The Groove	H	D	9	Delirium	
In The Groove	M	D	8	Delirium	
In The Groove	X	D	11	Delirium	
In The Groove	E	S	2	Delirium	
In The Groove	H	S	8	Delirium	
In The Groove	M	S	6	Delirium	
In The Groove	N	S	1	Delirium	
In The Groove	X	S	12	Delirium	
In The Groove	E	D	4	Disconnected	
In The Groove	H	D	8	Disconnected	
In The Groove	M	D	6	Disconnected	
In The Groove	X	D	9	Disconnected	
In The Groove	E	S	4	Disconnected	
In The Groove	H	S	8	Disconnected	
In The Groove	M	S	6	Disconnected	
In The Groove	N	S	1	Disconnected	
In The Groove	X	S	9	Disconnected	
In The Groove	E	D	5	Disconnected	-Hyper-
In The Groove	H	D	9	Disconnected	-Hyper-
In The Groove	M	D	7	Disconnected	-Hyper-
In The Groove	X	D	10	Disconnected	-Hyper-
In The Groove	E	S	3	Disconnected	-Hyper-
In The Groove	H	S	9	Disconnected	-Hyper-
In The Groove	M	S	6	Disconnected	-Hyper-
In The Groove	N	S	1	Disconnected	-Hyper-
In The Groove	X	S	10	Disconnected	-Hyper-
In The Groove	E	D	4	Disconnected	-Mobius-
In The Groove	H	D	8	Disconnected	-Mobius-
In The Groove	M	D	6	Disconnected	-Mobius-
In The Groove	X	D	9	Disconnected	-Mobius-
In The Groove	E	S	3	Disconnected	-Mobius-
In The Groove	H	S	8	Disconnected	-Mobius-
In The Groove	M	S	5	Disconnected	-Mobius-
In The Groove	N	S	1	Disconnected	-Mobius-
In The Groove	X	S	9	Disconnected	-Mobius-
In The Groove	E	D	1	DJ Party	
In The Groove	H	D	7	DJ Party	
In The Groove	M	D	4	DJ Party	
In The Groove	E	S	2	DJ Party	
In The Groove	H	S	8	DJ Party	
In The Groove	M	S	5	DJ Party	
In The Groove	N	S	1	DJ Party	
In The Groove	E	D	2	Do U Love Me	
In The Groove	H	D	6	Do U Love Me	
In The Groove	M	D	4	Do U Love Me	
In The Groove	X	D	9	Do U Love Me	
In The Groove	E	S	3	Do U Love Me	
In The Groove	H	S	6	Do U Love Me	
In The Groove	M	S	4	Do U Love Me	
In The Groove	N	S	1	Do U Love Me	
In The Groove	X	S	10	Do U Love Me	
In The Groove	E	D	4	Don't Promise Me	
In The Groove	H	D	7	Don't Promise Me	
In The Groove	M	D	5	Don't Promise Me	
In The Groove	X	D	9	Don't Promise Me	
In The Groove	E	S	3	Don't Promise Me	
In The Groove	H	S	6	Don't Promise Me	
In The Groove	M	S	4	Don't Promise Me	
In The Groove	N	S	1	Don't Promise Me	
In The Groove	E	D	4	Don't Promise Me	~Happiness~
In The Groove	H	D	8	Don't Promise Me	~Happiness~
In The Groove	M	D	6	Don't Promise Me	~Happiness~
In The Groove	X	D	9	Don't Promise Me	~Happiness~
In The Groove	E	S	4	Don't Promise Me	~Happiness~
In The Groove	H	S	8	Don't Promise Me	~Happiness~
In The Groove	M	S	5	Don't Promise Me	~Happiness~
In The Groove	N	S	1	Don't Promise Me	~Happiness~
In The Groove	E	D	1	Dreams of Passion	
In The Groove	H	D	5	Dreams of Passion	
In The Groove	M	D	2	Dreams of Passion	
In The Groove	E	S	2	Dreams of Passion	
In The Groove	H	S	5	Dreams of Passion	
In The Groove	M	S	4	Dreams of Passion	
In The Groove	N	S	1	Dreams of Passion	
In The Groove	E	D	3	Drifting Away	
In The Groove	H	D	7	Drifting Away	
In The Groove	M	D	6	Drifting Away	
In The Groove	X	D	9	Drifting Away	
In The Groove	E	S	3	Drifting Away	
In The Groove	H	S	8	Drifting Away	
In The Groove	M	S	5	Drifting Away	
In The Groove	N	S	1	Drifting Away	
In The Groove	X	S	9	Drifting Away	
In The Groove	E	D	4	Driving Force Classical	
In The Groove	H	D	8	Driving Force Classical	
In The Groove	M	D	7	Driving Force Classical	
In The Groove	X	D	9	Driving Force Classical	
In The Groove	E	S	2	Driving Force Classical	
In The Groove	H	S	8	Driving Force Classical	
In The Groove	M	S	5	Driving Force Classical	
In The Groove	N	S	1	Driving Force Classical	
In The Groove	X	S	9	Driving Force Classical	
In The Groove	E	D	3	Euphoria	
In The Groove	H	D	9	Euphoria	
In The Groove	M	D	6	Euphoria	
In The Groove	X	D	10	Euphoria	
In The Groove	E	S	3	Euphoria	
In The Groove	H	S	9	Euphoria	
In The Groove	M	S	6	Euphoria	
In The Groove	N	S	1	Euphoria	
In The Groove	X	S	12	Euphoria	
In The Groove	E	D	3	Fly Away	
In The Groove	H	D	7	Fly Away	
In The Groove	M	D	5	Fly Away	
In The Groove	X	D	9	Fly Away	
In The Groove	E	S	2	Fly Away	
In The Groove	H	S	7	Fly Away	
In The Groove	M	S	5	Fly Away	
In The Groove	N	S	1	Fly Away	
In The Groove	X	S	9	Fly Away	
In The Groove	E	D	4	Fly With Me	
In The Groove	H	D	8	Fly With Me	
In The Groove	M	D	6	Fly With Me	
In The Groove	X	D	9	Fly With Me	
In The Groove	E	S	2	Fly With Me	
In The Groove	H	S	7	Fly With Me	
In The Groove	M	S	5	Fly With Me	
In The Groove	N	S	1	Fly With Me	
In The Groove	X	S	9	Fly With Me	
In The Groove	E	D	3	Flying High	
In The Groove	H	D	8	Flying High	
In The Groove	M	D	6	Flying High	
In The Groove	X	D	9	Flying High	
In The Groove	E	S	2	Flying High	
In The Groove	H	S	8	Flying High	
In The Groove	M	S	5	Flying High	
In The Groove	N	S	1	Flying High	
In The Groove	X	S	9	Flying High	
In The Groove	E	D	3	Hand of Time	
In The Groove	H	D	9	Hand of Time	
In The Groove	M	D	6	Hand of Time	
In The Groove	X	D	10	Hand of Time	
In The Groove	E	S	3	Hand of Time	
In The Groove	H	S	8	Hand of Time	
In The Groove	M	S	4	Hand of Time	
In The Groove	N	S	1	Hand of Time	
In The Groove	X	S	10	Hand of Time	
In The Groove	E	D	5	Hardcore of the North	
In The Groove	H	D	9	Hardcore of the North	
In The Groove	M	D	6	Hardcore of the North	
In The Groove	X	D	11	Hardcore of the North	
In The Groove	E	S	4	Hardcore of the North	
In The Groove	H	S	9	Hardcore of the North	
In The Groove	M	S	6	Hardcore of the North	
In The Groove	N	S	1	Hardcore of the North	
In The Groove	X	S	12	Hardcore of the North	
In The Groove	E	D	3	Hip Hop Jam	
In The Groove	H	D	9	Hip Hop Jam	
In The Groove	M	D	7	Hip Hop Jam	
In The Groove	X	D	10	Hip Hop Jam	
In The Groove	E	S	2	Hip Hop Jam	
In The Groove	H	S	6	Hip Hop Jam	
In The Groove	M	S	4	Hip Hop Jam	
In The Groove	N	S	1	Hip Hop Jam	
In The Groove	X	S	9	Hip Hop Jam	
In The Groove	E	D	3	Hybrid	
In The Groove	H	D	9	Hybrid	
In The Groove	M	D	8	Hybrid	
In The Groove	X	D	10	Hybrid	
In The Groove	E	S	3	Hybrid	
In The Groove	H	S	9	Hybrid	
In The Groove	M	S	5	Hybrid	
In The Groove	N	S	1	Hybrid	
In The Groove	X	S	10	Hybrid	
In The Groove	E	D	2	I Think I Like That Sound	
In The Groove	H	D	8	I Think I Like That Sound	
In The Groove	M	D	6	I Think I Like That Sound	
In The Groove	X	D	9	I Think I Like That Sound	
In The Groove	E	S	3	I Think I Like That Sound	
In The Groove	H	S	8	I Think I Like That Sound	
In The Groove	M	S	5	I Think I Like That Sound	
In The Groove	N	S	1	I Think I Like That Sound	
In The Groove	X	S	9	I Think I Like That Sound	
In The Groove	E	D	1	I'll Get There Anyway	
In The Groove	H	D	7	I'll Get There Anyway	
In The Groove	M	D	5	I'll Get There Anyway	
In The Groove	E	S	3	I'll Get There Anyway	
In The Groove	H	S	7	I'll Get There Anyway	
In The Groove	M	S	6	I'll Get There Anyway	
In The Groove	N	S	1	I'll Get There Anyway	
In The Groove	E	D	3	Infection	
In The Groove	H	D	9	Infection	
In The Groove	M	D	6	Infection	
In The Groove	X	D	10	Infection	
In The Groove	E	S	3	Infection	
In The Groove	H	S	8	Infection	
In The Groove	M	S	6	Infection	
In The Groove	N	S	1	Infection	
In The Groove	X	S	11	Infection	
In The Groove	E	D	5	July	
In The Groove	H	D	9	July	
In The Groove	M	D	7	July	
In The Groove	X	D	10	July	
In The Groove	E	S	3	July	
In The Groove	H	S	9	July	
In The Groove	M	S	5	July	
In The Groove	N	S	1	July	
In The Groove	X	S	11	July	
In The Groove	E	D	5	Kagami	
In The Groove	H	D	9	Kagami	
In The Groove	M	D	8	Kagami	
In The Groove	X	D	11	Kagami	
In The Groove	E	S	3	Kagami	
In The Groove	H	S	8	Kagami	
In The Groove	M	S	5	Kagami	
In The Groove	N	S	1	Kagami	
In The Groove	X	S	10	Kagami	
In The Groove	E	D	3	Kiss Me Red	
In The Groove	H	D	6	Kiss Me Red	
In The Groove	M	D	5	Kiss Me Red	
In The Groove	X	D	9	Kiss Me Red	
In The Groove	E	S	2	Kiss Me Red	
In The Groove	H	S	7	Kiss Me Red	
In The Groove	M	S	5	Kiss Me Red	
In The Groove	N	S	1	Kiss Me Red	
In The Groove	X	S	9	Kiss Me Red	
In The Groove	E	D	4	Land of the Rising Sun	
In The Groove	H	D	8	Land of the Rising Sun	
In The Groove	M	D	6	Land of the Rising Sun	
In The Groove	X	D	9	Land of the Rising Sun	
In The Groove	E	S	3	Land of the Rising Sun	
In The Groove	H	S	7	Land of the Rising Sun	
In The Groove	M	S	5	Land of the Rising Sun	
In The Groove	N	S	1	Land of the Rising Sun	
In The Groove	E	D	4	Lemmings on the Run	
In The Groove	H	D	8	Lemmings on the Run	
In The Groove	M	D	6	Lemmings on the Run	
In The Groove	X	D	9	Lemmings on the Run	
In The Groove	E	S	3	Lemmings on the Run	
In The Groove	H	S	7	Lemmings on the Run	
In The Groove	M	S	5	Lemmings on the Run	
In The Groove	N	S	1	Lemmings on the Run	
In The Groove	X	S	9	Lemmings on the Run	
In The Groove	E	D	2	Let Me Be The One	
In The Groove	H	D	7	Let Me Be The One	
In The Groove	M	D	5	Let Me Be The One	
In The Groove	E	S	3	Let Me Be The One	
In The Groove	H	S	6	Let Me Be The One	
In The Groove	M	S	4	Let Me Be The One	
In The Groove	N	S	1	Let Me Be The One	
In The Groove	E	D	3	Let My Love Go Blind	
In The Groove	H	D	8	Let My Love Go Blind	
In The Groove	M	D	6	Let My Love Go Blind	
In The Groove	X	D	9	Let My Love Go Blind	
In The Groove	E	S	4	Let My Love Go Blind	
In The Groove	H	S	7	Let My Love Go Blind	
In The Groove	M	S	6	Let My Love Go Blind	
In The Groove	N	S	1	Let My Love Go Blind	
In The Groove	X	S	9	Let My Love Go Blind	
In The Groove	E	D	4	Mellow	
In The Groove	H	D	8	Mellow	
In The Groove	M	D	6	Mellow	
In The Groove	X	D	9	Mellow	
In The Groove	E	S	3	Mellow	
In The Groove	H	S	8	Mellow	
In The Groove	M	S	5	Mellow	
In The Groove	N	S	1	Mellow	
In The Groove	E	D	3	Mouth	
In The Groove	H	D	8	Mouth	
In The Groove	M	D	6	Mouth	
In The Groove	X	D	9	Mouth	
In The Groove	E	S	3	Mouth	
In The Groove	H	S	8	Mouth	
In The Groove	M	S	4	Mouth	
In The Groove	N	S	1	Mouth	
In The Groove	E	D	2	My Favourite Game	
In The Groove	H	D	7	My Favourite Game	
In The Groove	M	D	5	My Favourite Game	
In The Groove	X	D	9	My Favourite Game	
In The Groove	E	S	3	My Favourite Game	
In The Groove	H	S	6	My Favourite Game	
In The Groove	M	S	5	My Favourite Game	
In The Groove	N	S	1	My Favourite Game	
In The Groove	X	S	10	My Favourite Game	
In The Groove	E	D	4	Mythology	
In The Groove	H	D	9	Mythology	
In The Groove	M	D	8	Mythology	
In The Groove	X	D	10	Mythology	
In The Groove	E	S	3	Mythology	
In The Groove	H	S	9	Mythology	
In The Groove	M	S	7	Mythology	
In The Groove	N	S	1	Mythology	
In The Groove	X	S	11	Mythology	
In The Groove	E	D	5	No 1 Nation	
In The Groove	H	D	9	No 1 Nation	
In The Groove	M	D	7	No 1 Nation	
In The Groove	X	D	10	No 1 Nation	
In The Groove	E	S	4	No 1 Nation	
In The Groove	H	S	8	No 1 Nation	
In The Groove	M	S	7	No 1 Nation	
In The Groove	N	S	1	No 1 Nation	
In The Groove	X	S	9	No 1 Nation	
In The Groove	E	D	1	Normal	
In The Groove	H	D	8	Normal	
In The Groove	M	D	6	Normal	
In The Groove	E	S	3	Normal	
In The Groove	H	S	7	Normal	
In The Groove	M	S	5	Normal	
In The Groove	N	S	1	Normal	
In The Groove	E	D	2	Not Worth The Paper	
In The Groove	H	D	7	Not Worth The Paper	
In The Groove	M	D	5	Not Worth The Paper	
In The Groove	E	S	2	Not Worth The Paper	
In The Groove	H	S	6	Not Worth The Paper	
In The Groove	M	S	4	Not Worth The Paper	
In The Groove	N	S	1	Not Worth The Paper	
In The Groove	E	D	5	Oasis	
In The Groove	H	D	9	Oasis	
In The Groove	M	D	7	Oasis	
In The Groove	X	D	9	Oasis	
In The Groove	E	S	3	Oasis	
In The Groove	H	S	9	Oasis	
In The Groove	M	S	4	Oasis	
In The Groove	N	S	1	Oasis	
In The Groove	X	S	10	Oasis	
In The Groove	E	D	2	On a Day Like Today	
In The Groove	H	D	7	On a Day Like Today	
In The Groove	M	D	5	On a Day Like Today	
In The Groove	X	D	9	On a Day Like Today	
In The Groove	E	S	3	On a Day Like Today	
In The Groove	H	S	7	On a Day Like Today	
In The Groove	M	S	5	On a Day Like Today	
In The Groove	N	S	1	On a Day Like Today	
In The Groove	X	S	9	On a Day Like Today	
In The Groove	E	D	2	PA Theme	
In The Groove	H	D	5	PA Theme	
In The Groove	M	D	3	PA Theme	
In The Groove	E	S	2	PA Theme	
In The Groove	H	S	6	PA Theme	
In The Groove	M	S	4	PA Theme	
In The Groove	N	S	1	PA Theme	
In The Groove	E	D	6	Pandemonium	
In The Groove	H	D	10	Pandemonium	
In The Groove	M	D	9	Pandemonium	
In The Groove	X	D	12	Pandemonium	
In The Groove	E	S	5	Pandemonium	
In The Groove	H	S	11	Pandemonium	
In The Groove	M	S	9	Pandemonium	
In The Groove	N	S	1	Pandemonium	
In The Groove	X	S	13	Pandemonium	
In The Groove	E	D	3	Perfect	
In The Groove	H	D	8	Perfect	
In The Groove	M	D	6	Perfect	
In The Groove	X	D	9	Perfect	
In The Groove	E	S	3	Perfect	
In The Groove	H	S	8	Perfect	
In The Groove	M	S	5	Perfect	
In The Groove	N	S	1	Perfect	
In The Groove	E	D	3	Queen of Light	
In The Groove	H	D	8	Queen of Light	
In The Groove	M	D	6	Queen of Light	
In The Groove	X	D	9	Queen of Light	
In The Groove	E	S	3	Queen of Light	
In The Groove	H	S	7	Queen of Light	
In The Groove	M	S	4	Queen of Light	
In The Groove	N	S	1	Queen of Light	
In The Groove	X	S	10	Queen of Light	
In The Groove	E	D	5	Remember December	
In The Groove	H	D	9	Remember December	
In The Groove	M	D	7	Remember December	
In The Groove	X	D	9	Remember December	
In The Groove	E	S	3	Remember December	
In The Groove	H	S	9	Remember December	
In The Groove	M	S	6	Remember December	
In The Groove	N	S	1	Remember December	
In The Groove	X	S	10	Remember December	
In The Groove	E	D	3	ROM-eo & Juli8	
In The Groove	H	D	7	ROM-eo & Juli8	
In The Groove	M	D	5	ROM-eo & Juli8	
In The Groove	X	D	9	ROM-eo & Juli8	
In The Groove	E	S	2	ROM-eo & Juli8	
In The Groove	H	S	7	ROM-eo & Juli8	
In The Groove	M	S	6	ROM-eo & Juli8	
In The Groove	N	S	1	ROM-eo & Juli8	
In The Groove	X	S	9	ROM-eo & Juli8	
In The Groove	E	D	4	Solina	
In The Groove	H	D	9	Solina	
In The Groove	M	D	7	Solina	
In The Groove	X	D	9	Solina	
In The Groove	E	S	2	Solina	
In The Groove	H	S	7	Solina	
In The Groove	M	S	4	Solina	
In The Groove	N	S	1	Solina	
In The Groove	X	S	9	Solina	
In The Groove	E	D	4	Tell	
In The Groove	H	D	9	Tell	
In The Groove	M	D	6	Tell	
In The Groove	X	D	11	Tell	
In The Groove	E	S	3	Tell	
In The Groove	H	S	9	Tell	
In The Groove	M	S	6	Tell	
In The Groove	N	S	1	Tell	
In The Groove	X	S	12	Tell	
In The Groove	E	D	5	Tension	
In The Groove	H	D	9	Tension	
In The Groove	M	D	6	Tension	
In The Groove	X	D	10	Tension	
In The Groove	E	S	5	Tension	
In The Groove	H	S	9	Tension	
In The Groove	M	S	6	Tension	
In The Groove	N	S	1	Tension	
In The Groove	X	S	10	Tension	
In The Groove	E	D	3	The Beginning	
In The Groove	H	D	9	The Beginning	
In The Groove	M	D	6	The Beginning	
In The Groove	X	D	10	The Beginning	
In The Groove	E	S	4	The Beginning	
In The Groove	H	S	8	The Beginning	
In The Groove	M	S	6	The Beginning	
In The Groove	N	S	1	The Beginning	
In The Groove	X	S	11	The Beginning	
In The Groove	E	D	3	The Game	
In The Groove	H	D	8	The Game	
In The Groove	M	D	5	The Game	
In The Groove	X	D	9	The Game	
In The Groove	E	S	2	The Game	
In The Groove	H	S	8	The Game	
In The Groove	M	S	5	The Game	
In The Groove	N	S	1	The Game	
In The Groove	X	S	9	The Game	
In The Groove	E	D	3	Torn	
In The Groove	H	D	7	Torn	
In The Groove	M	D	6	Torn	
In The Groove	X	D	9	Torn	
In The Groove	E	S	3	Torn	
In The Groove	H	S	7	Torn	
In The Groove	M	S	5	Torn	
In The Groove	N	S	1	Torn	
In The Groove	E	D	3	Touch Me	
In The Groove	H	D	8	Touch Me	
In The Groove	M	D	5	Touch Me	
In The Groove	X	D	9	Touch Me	
In The Groove	E	S	3	Touch Me	
In The Groove	H	S	8	Touch Me	
In The Groove	M	S	5	Touch Me	
In The Groove	N	S	1	Touch Me	
In The Groove	X	S	9	Touch Me	
In The Groove	E	D	1	Tough Enough	
In The Groove	H	D	5	Tough Enough	
In The Groove	M	D	2	Tough Enough	
In The Groove	X	D	9	Tough Enough	
In The Groove	E	S	2	Tough Enough	
In The Groove	H	S	7	Tough Enough	
In The Groove	M	S	4	Tough Enough	
In The Groove	N	S	1	Tough Enough	
In The Groove	X	S	9	Tough Enough	
In The Groove	E	D	2	Turn It On	
In The Groove	H	D	8	Turn It On	
In The Groove	M	D	5	Turn It On	
In The Groove	X	D	9	Turn It On	
In The Groove	E	S	3	Turn It On	
In The Groove	H	S	7	Turn It On	
In The Groove	M	S	5	Turn It On	
In The Groove	N	S	1	Turn It On	
In The Groove	X	S	9	Turn It On	
In The Groove	E	D	4	Utopia	
In The Groove	H	D	9	Utopia	
In The Groove	M	D	6	Utopia	
In The Groove	X	D	11	Utopia	
In The Groove	E	S	3	Utopia	
In The Groove	H	S	8	Utopia	
In The Groove	M	S	5	Utopia	
In The Groove	N	S	1	Utopia	
In The Groove	X	S	11	Utopia	
In The Groove	E	D	6	VerTex	
In The Groove	H	D	10	VerTex	
In The Groove	M	D	9	VerTex	
In The Groove	X	D	12	VerTex	
In The Groove	E	S	6	VerTex	
In The Groove	H	S	10	VerTex	
In The Groove	M	S	7	VerTex	
In The Groove	N	S	1	VerTex	
In The Groove	X	S	12	VerTex	
In The Groove	E	D	3	Walking on Fire	
In The Groove	H	D	9	Walking on Fire	
In The Groove	M	D	6	Walking on Fire	
In The Groove	X	D	9	Walking on Fire	
In The Groove	E	S	3	Walking on Fire	
In The Groove	H	S	8	Walking on Fire	
In The Groove	M	S	5	Walking on Fire	
In The Groove	N	S	1	Walking on Fire	
In The Groove	X	S	10	Walking on Fire	
In The Groove	E	D	2	Which MC Was That	
In The Groove	H	D	5	Which MC Was That	
In The Groove	M	D	3	Which MC Was That	
In The Groove	E	S	3	Which MC Was That	
In The Groove	H	S	7	Which MC Was That	
In The Groove	M	S	5	Which MC Was That	
In The Groove	N	S	1	Which MC Was That	
In The Groove	E	D	2	While Tha Rekkid Spinz	
In The Groove	H	D	8	While Tha Rekkid Spinz	
In The Groove	M	D	5	While Tha Rekkid Spinz	
In The Groove	X	D	9	While Tha Rekkid Spinz	
In The Groove	E	S	2	While Tha Rekkid Spinz	
In The Groove	H	S	7	While Tha Rekkid Spinz	
In The Groove	M	S	5	While Tha Rekkid Spinz	
In The Groove	N	S	1	While Tha Rekkid Spinz	
In The Groove	X	S	9	While Tha Rekkid Spinz	
In The Groove	E	D	1	Why Me	
In The Groove	H	D	6	Why Me	
In The Groove	M	D	3	Why Me	
In The Groove	X	D	9	Why Me	
In The Groove	E	S	2	Why Me	
In The Groove	H	S	6	Why Me	
In The Groove	M	S	4	Why Me	
In The Groove	N	S	1	Why Me	
In The Groove	X	S	9	Why Me	
In The Groove	E	D	4	Xuxa	
In The Groove	H	D	9	Xuxa	
In The Groove	M	D	5	Xuxa	
In The Groove	X	D	9	Xuxa	
In The Groove	E	S	3	Xuxa	
In The Groove	H	S	9	Xuxa	
In The Groove	M	S	6	Xuxa	
In The Groove	N	S	1	Xuxa	
In The Groove	X	S	11	Xuxa	
In The Groove	E	D	2	Zodiac	
In The Groove	H	D	9	Zodiac	
In The Groove	M	D	7	Zodiac	
In The Groove	X	D	10	Zodiac	
In The Groove	E	S	2	Zodiac	
In The Groove	H	S	7	Zodiac	
In The Groove	M	S	5	Zodiac	
In The Groove	N	S	1	Zodiac	
In The Groove	X	S	9	Zodiac	
In The Groove 2	E	D	4	!	
In The Groove 2	H	D	9	!	
In The Groove 2	M	D	8	!	
In The Groove 2	X	D	13	!	
In The Groove 2	E	S	4	!	
In The Groove 2	H	S	9	!	
In The Groove 2	M	S	6	!	
In The Groove 2	N	S	1	!	
In The Groove 2	X	S	12	!	
In The Groove 2	E	D	3	Agent Blatant	
In The Groove 2	H	D	8	Agent Blatant	
In The Groove 2	M	D	5	Agent Blatant	
In The Groove 2	X	D	10	Agent Blatant	
In The Groove 2	E	S	5	Agent Blatant	
In The Groove 2	H	S	7	Agent Blatant	
In The Groove 2	M	S	6	Agent Blatant	
In The Groove 2	N	S	1	Agent Blatant	
In The Groove 2	X	S	10	Agent Blatant	
In The Groove 2	E	D	3	Amore	
In The Groove 2	H	D	7	Amore	
In The Groove 2	M	D	5	Amore	
In The Groove 2	X	D	9	Amore	
In The Groove 2	E	S	3	Amore	
In The Groove 2	H	S	8	Amore	
In The Groove 2	M	S	5	Amore	
In The Groove 2	N	S	1	Amore	
In The Groove 2	X	S	9	Amore	
In The Groove 2	E	D	3	Baby Baby	
In The Groove 2	H	D	8	Baby Baby	
In The Groove 2	M	D	6	Baby Baby	
In The Groove 2	X	D	9	Baby Baby	
In The Groove 2	E	S	3	Baby Baby	
In The Groove 2	H	S	8	Baby Baby	
In The Groove 2	M	S	6	Baby Baby	
In The Groove 2	N	S	1	Baby Baby	
In The Groove 2	E	D	2	Baby Don't You Want Me	
In The Groove 2	H	D	7	Baby Don't You Want Me	
In The Groove 2	M	D	3	Baby Don't You Want Me	
In The Groove 2	X	D	9	Baby Don't You Want Me	
In The Groove 2	E	S	2	Baby Don't You Want Me	
In The Groove 2	H	S	7	Baby Don't You Want Me	
In The Groove 2	M	S	5	Baby Don't You Want Me	
In The Groove 2	N	S	1	Baby Don't You Want Me	
In The Groove 2	X	S	9	Baby Don't You Want Me	
In The Groove 2	E	D	3	Birdie	
In The Groove 2	H	D	8	Birdie	
In The Groove 2	M	D	6	Birdie	
In The Groove 2	X	D	9	Birdie	
In The Groove 2	E	S	3	Birdie	
In The Groove 2	H	S	7	Birdie	
In The Groove 2	M	S	5	Birdie	
In The Groove 2	N	S	1	Birdie	
In The Groove 2	X	S	9	Birdie	
In The Groove 2	E	D	4	Bloodrush	
In The Groove 2	H	D	9	Bloodrush	
In The Groove 2	M	D	6	Bloodrush	
In The Groove 2	X	D	11	Bloodrush	
In The Groove 2	E	S	4	Bloodrush	
In The Groove 2	H	S	9	Bloodrush	
In The Groove 2	M	S	8	Bloodrush	
In The Groove 2	N	S	1	Bloodrush	
In The Groove 2	X	S	13	Bloodrush	
In The Groove 2	E	D	3	Bumble Bee	
In The Groove 2	H	D	8	Bumble Bee	
In The Groove 2	M	D	6	Bumble Bee	
In The Groove 2	X	D	9	Bumble Bee	
In The Groove 2	E	S	3	Bumble Bee	
In The Groove 2	H	S	7	Bumble Bee	
In The Groove 2	M	S	4	Bumble Bee	
In The Groove 2	N	S	1	Bumble Bee	
In The Groove 2	X	S	9	Bumble Bee	
In The Groove 2	E	D	4	Clockwork Genesis	
In The Groove 2	H	D	9	Clockwork Genesis	
In The Groove 2	M	D	7	Clockwork Genesis	
In The Groove 2	X	D	11	Clockwork Genesis	
In The Groove 2	E	S	5	Clockwork Genesis	
In The Groove 2	H	S	9	Clockwork Genesis	
In The Groove 2	M	S	7	Clockwork Genesis	
In The Groove 2	N	S	1	Clockwork Genesis	
In The Groove 2	X	S	11	Clockwork Genesis	
In The Groove 2	E	D	2	Cryosleep	
In The Groove 2	H	D	8	Cryosleep	
In The Groove 2	M	D	5	Cryosleep	
In The Groove 2	X	D	10	Cryosleep	
In The Groove 2	E	S	4	Cryosleep	
In The Groove 2	H	S	8	Cryosleep	
In The Groove 2	M	S	5	Cryosleep	
In The Groove 2	N	S	1	Cryosleep	
In The Groove 2	X	S	10	Cryosleep	
In The Groove 2	E	D	2	D-Code	
In The Groove 2	H	D	7	D-Code	
In The Groove 2	M	D	5	D-Code	
In The Groove 2	X	D	9	D-Code	
In The Groove 2	E	S	3	D-Code	
In The Groove 2	H	S	8	D-Code	
In The Groove 2	M	S	5	D-Code	
In The Groove 2	N	S	1	D-Code	
In The Groove 2	X	S	9	D-Code	
In The Groove 2	E	D	4	Destiny	
In The Groove 2	H	D	9	Destiny	
In The Groove 2	M	D	6	Destiny	
In The Groove 2	X	D	10	Destiny	
In The Groove 2	E	S	4	Destiny	
In The Groove 2	H	S	8	Destiny	
In The Groove 2	M	S	6	Destiny	
In The Groove 2	N	S	1	Destiny	
In The Groove 2	X	S	11	Destiny	
In The Groove 2	E	D	3	Determinator	
In The Groove 2	H	D	9	Determinator	
In The Groove 2	M	D	6	Determinator	
In The Groove 2	X	D	12	Determinator	
In The Groove 2	E	S	4	Determinator	
In The Groove 2	H	S	8	Determinator	
In The Groove 2	M	S	6	Determinator	
In The Groove 2	N	S	1	Determinator	
In The Groove 2	X	S	12	Determinator	
In The Groove 2	E	D	3	Disconnected Disco	
In The Groove 2	H	D	8	Disconnected Disco	
In The Groove 2	M	D	6	Disconnected Disco	
In The Groove 2	X	D	10	Disconnected Disco	
In The Groove 2	E	S	5	Disconnected Disco	
In The Groove 2	H	S	8	Disconnected Disco	
In The Groove 2	M	S	6	Disconnected Disco	
In The Groove 2	N	S	1	Disconnected Disco	
In The Groove 2	X	S	9	Disconnected Disco	
In The Groove 2	E	D	6	Energizer	
In The Groove 2	H	D	11	Energizer	
In The Groove 2	M	D	9	Energizer	
In The Groove 2	X	D	13	Energizer	
In The Groove 2	E	S	5	Energizer	
In The Groove 2	H	S	10	Energizer	
In The Groove 2	M	S	9	Energizer	
In The Groove 2	N	S	1	Energizer	
In The Groove 2	X	S	12	Energizer	
In The Groove 2	E	D	3	Fleadh Uncut	
In The Groove 2	H	D	8	Fleadh Uncut	
In The Groove 2	M	D	6	Fleadh Uncut	
In The Groove 2	X	D	10	Fleadh Uncut	
In The Groove 2	E	S	4	Fleadh Uncut	
In The Groove 2	H	S	8	Fleadh Uncut	
In The Groove 2	M	S	6	Fleadh Uncut	
In The Groove 2	N	S	1	Fleadh Uncut	
In The Groove 2	X	S	10	Fleadh Uncut	
In The Groove 2	E	D	4	Funk Factory	
In The Groove 2	H	D	8	Funk Factory	
In The Groove 2	M	D	7	Funk Factory	
In The Groove 2	X	D	9	Funk Factory	
In The Groove 2	E	S	4	Funk Factory	
In The Groove 2	H	S	8	Funk Factory	
In The Groove 2	M	S	7	Funk Factory	
In The Groove 2	N	S	1	Funk Factory	
In The Groove 2	X	S	9	Funk Factory	
In The Groove 2	E	D	3	Get Happy	
In The Groove 2	H	D	8	Get Happy	
In The Groove 2	M	D	6	Get Happy	
In The Groove 2	X	D	9	Get Happy	
In The Groove 2	E	S	3	Get Happy	
In The Groove 2	H	S	7	Get Happy	
In The Groove 2	M	S	5	Get Happy	
In The Groove 2	N	S	1	Get Happy	
In The Groove 2	X	S	9	Get Happy	
In The Groove 2	E	D	4	Go 60 Go	
In The Groove 2	H	D	9	Go 60 Go	
In The Groove 2	M	D	6	Go 60 Go	
In The Groove 2	X	D	9	Go 60 Go	
In The Groove 2	E	S	4	Go 60 Go	
In The Groove 2	H	S	9	Go 60 Go	
In The Groove 2	M	S	7	Go 60 Go	
In The Groove 2	N	S	1	Go 60 Go	
In The Groove 2	X	S	12	Go 60 Go	
In The Groove 2	E	D	2	Habanera 1	
In The Groove 2	H	D	8	Habanera 1	
In The Groove 2	M	D	5	Habanera 1	
In The Groove 2	X	D	9	Habanera 1	
In The Groove 2	E	S	3	Habanera 1	
In The Groove 2	H	S	7	Habanera 1	
In The Groove 2	M	S	5	Habanera 1	
In The Groove 2	N	S	1	Habanera 1	
In The Groove 2	E	D	4	Hardcore Symphony	
In The Groove 2	H	D	9	Hardcore Symphony	
In The Groove 2	M	D	6	Hardcore Symphony	
In The Groove 2	X	D	10	Hardcore Symphony	
In The Groove 2	E	S	4	Hardcore Symphony	
In The Groove 2	H	S	9	Hardcore Symphony	
In The Groove 2	M	S	7	Hardcore Symphony	
In The Groove 2	N	S	1	Hardcore Symphony	
In The Groove 2	X	S	11	Hardcore Symphony	
In The Groove 2	E	D	3	High	
In The Groove 2	H	D	8	High	
In The Groove 2	M	D	5	High	
In The Groove 2	X	D	9	High	
In The Groove 2	E	S	3	High	
In The Groove 2	H	S	7	High	
In The Groove 2	M	S	5	High	
In The Groove 2	N	S	1	High	
In The Groove 2	X	S	9	High	
In The Groove 2	E	D	3	Hillbilly Hardcore	
In The Groove 2	H	D	8	Hillbilly Hardcore	
In The Groove 2	M	D	5	Hillbilly Hardcore	
In The Groove 2	X	D	9	Hillbilly Hardcore	
In The Groove 2	E	S	4	Hillbilly Hardcore	
In The Groove 2	H	S	8	Hillbilly Hardcore	
In The Groove 2	M	S	5	Hillbilly Hardcore	
In The Groove 2	N	S	1	Hillbilly Hardcore	
In The Groove 2	X	S	10	Hillbilly Hardcore	
In The Groove 2	E	D	2	Hispanic Panic	
In The Groove 2	H	D	8	Hispanic Panic	
In The Groove 2	M	D	5	Hispanic Panic	
In The Groove 2	X	D	10	Hispanic Panic	
In The Groove 2	E	S	4	Hispanic Panic	
In The Groove 2	H	S	8	Hispanic Panic	
In The Groove 2	M	S	6	Hispanic Panic	
In The Groove 2	N	S	1	Hispanic Panic	
In The Groove 2	X	S	10	Hispanic Panic	
In The Groove 2	E	D	2	Holy Guacamole	
In The Groove 2	H	D	7	Holy Guacamole	
In The Groove 2	M	D	5	Holy Guacamole	
In The Groove 2	X	D	9	Holy Guacamole	
In The Groove 2	E	S	3	Holy Guacamole	
In The Groove 2	H	S	7	Holy Guacamole	
In The Groove 2	M	S	6	Holy Guacamole	
In The Groove 2	N	S	1	Holy Guacamole	
In The Groove 2	X	S	10	Holy Guacamole	
In The Groove 2	E	D	2	Hustle Beach	
In The Groove 2	H	D	7	Hustle Beach	
In The Groove 2	M	D	6	Hustle Beach	
In The Groove 2	X	D	9	Hustle Beach	
In The Groove 2	E	S	2	Hustle Beach	
In The Groove 2	H	S	7	Hustle Beach	
In The Groove 2	M	S	5	Hustle Beach	
In The Groove 2	N	S	1	Hustle Beach	
In The Groove 2	E	D	3	Incognito	
In The Groove 2	H	D	9	Incognito	
In The Groove 2	M	D	6	Incognito	
In The Groove 2	X	D	10	Incognito	
In The Groove 2	E	S	3	Incognito	
In The Groove 2	H	S	8	Incognito	
In The Groove 2	M	S	5	Incognito	
In The Groove 2	N	S	1	Incognito	
In The Groove 2	X	S	9	Incognito	
In The Groove 2	E	D	3	Ize Pie	
In The Groove 2	H	D	7	Ize Pie	
In The Groove 2	M	D	6	Ize Pie	
In The Groove 2	X	D	9	Ize Pie	
In The Groove 2	E	S	2	Ize Pie	
In The Groove 2	H	S	7	Ize Pie	
In The Groove 2	M	S	5	Ize Pie	
In The Groove 2	N	S	1	Ize Pie	
In The Groove 2	X	S	9	Ize Pie	
In The Groove 2	E	D	3	July	-Euromix-
In The Groove 2	H	D	9	July	-Euromix-
In The Groove 2	M	D	7	July	-Euromix-
In The Groove 2	X	D	9	July	-Euromix-
In The Groove 2	E	S	3	July	-Euromix-
In The Groove 2	H	S	8	July	-Euromix-
In The Groove 2	M	S	5	July	-Euromix-
In The Groove 2	N	S	1	July	-Euromix-
In The Groove 2	X	S	9	July	-Euromix-
In The Groove 2	E	D	3	Know Your Enemy	
In The Groove 2	H	D	9	Know Your Enemy	
In The Groove 2	M	D	6	Know Your Enemy	
In The Groove 2	X	D	10	Know Your Enemy	
In The Groove 2	E	S	4	Know Your Enemy	
In The Groove 2	H	S	9	Know Your Enemy	
In The Groove 2	M	S	6	Know Your Enemy	
In The Groove 2	N	S	1	Know Your Enemy	
In The Groove 2	X	S	10	Know Your Enemy	
In The Groove 2	E	D	3	Life of a Butterfly	
In The Groove 2	H	D	7	Life of a Butterfly	
In The Groove 2	M	D	6	Life of a Butterfly	
In The Groove 2	E	S	3	Life of a Butterfly	
In The Groove 2	H	S	7	Life of a Butterfly	
In The Groove 2	M	S	5	Life of a Butterfly	
In The Groove 2	N	S	1	Life of a Butterfly	
In The Groove 2	E	D	2	Lipstick Kiss	
In The Groove 2	H	D	8	Lipstick Kiss	
In The Groove 2	M	D	6	Lipstick Kiss	
In The Groove 2	X	D	9	Lipstick Kiss	
In The Groove 2	E	S	3	Lipstick Kiss	
In The Groove 2	H	S	7	Lipstick Kiss	
In The Groove 2	M	S	6	Lipstick Kiss	
In The Groove 2	N	S	1	Lipstick Kiss	
In The Groove 2	X	S	9	Lipstick Kiss	
In The Groove 2	E	D	2	Liquid Moon	
In The Groove 2	H	D	9	Liquid Moon	
In The Groove 2	M	D	6	Liquid Moon	
In The Groove 2	X	D	10	Liquid Moon	
In The Groove 2	E	S	2	Liquid Moon	
In The Groove 2	H	S	8	Liquid Moon	
In The Groove 2	M	S	6	Liquid Moon	
In The Groove 2	N	S	1	Liquid Moon	
In The Groove 2	X	S	9	Liquid Moon	
In The Groove 2	E	D	3	Little Kitty Mine	
In The Groove 2	H	D	7	Little Kitty Mine	
In The Groove 2	M	D	5	Little Kitty Mine	
In The Groove 2	X	D	9	Little Kitty Mine	
In The Groove 2	E	S	3	Little Kitty Mine	
In The Groove 2	H	S	7	Little Kitty Mine	
In The Groove 2	M	S	5	Little Kitty Mine	
In The Groove 2	N	S	1	Little Kitty Mine	
In The Groove 2	X	S	9	Little Kitty Mine	
In The Groove 2	E	D	6	Monolith	
In The Groove 2	H	D	9	Monolith	
In The Groove 2	M	D	8	Monolith	
In The Groove 2	X	D	12	Monolith	
In The Groove 2	E	S	5	Monolith	
In The Groove 2	H	S	9	Monolith	
In The Groove 2	M	S	7	Monolith	
In The Groove 2	N	S	1	Monolith	
In The Groove 2	X	S	11	Monolith	
In The Groove 2	E	D	3	Music Pleeze	
In The Groove 2	H	D	7	Music Pleeze	
In The Groove 2	M	D	5	Music Pleeze	
In The Groove 2	E	S	4	Music Pleeze	
In The Groove 2	H	S	7	Music Pleeze	
In The Groove 2	M	S	6	Music Pleeze	
In The Groove 2	N	S	1	Music Pleeze	
In The Groove 2	X	S	9	Music Pleeze	
In The Groove 2	E	D	2	My Life Is So Crazy	
In The Groove 2	H	D	8	My Life Is So Crazy	
In The Groove 2	M	D	5	My Life Is So Crazy	
In The Groove 2	X	D	9	My Life Is So Crazy	
In The Groove 2	E	S	4	My Life Is So Crazy	
In The Groove 2	H	S	8	My Life Is So Crazy	
In The Groove 2	M	S	6	My Life Is So Crazy	
In The Groove 2	N	S	1	My Life Is So Crazy	
In The Groove 2	X	S	9	My Life Is So Crazy	
In The Groove 2	E	D	3	No Princess	
In The Groove 2	H	D	8	No Princess	
In The Groove 2	M	D	6	No Princess	
In The Groove 2	X	D	9	No Princess	
In The Groove 2	E	S	3	No Princess	
In The Groove 2	H	S	7	No Princess	
In The Groove 2	M	S	5	No Princess	
In The Groove 2	N	S	1	No Princess	
In The Groove 2	X	S	9	No Princess	
In The Groove 2	E	D	3	One False Move	
In The Groove 2	H	D	9	One False Move	
In The Groove 2	M	D	5	One False Move	
In The Groove 2	X	D	10	One False Move	
In The Groove 2	E	S	4	One False Move	
In The Groove 2	H	S	9	One False Move	
In The Groove 2	M	S	6	One False Move	
In The Groove 2	N	S	1	One False Move	
In The Groove 2	X	S	10	One False Move	
In The Groove 2	E	D	3	Out of the Dark	
In The Groove 2	H	D	9	Out of the Dark	
In The Groove 2	M	D	6	Out of the Dark	
In The Groove 2	X	D	10	Out of the Dark	
In The Groove 2	E	S	5	Out of the Dark	
In The Groove 2	H	S	9	Out of the Dark	
In The Groove 2	M	S	7	Out of the Dark	
In The Groove 2	N	S	1	Out of the Dark	
In The Groove 2	X	S	10	Out of the Dark	
In The Groove 2	E	D	3	Pick Me Up & Tango	
In The Groove 2	H	D	8	Pick Me Up & Tango	
In The Groove 2	M	D	6	Pick Me Up & Tango	
In The Groove 2	E	S	3	Pick Me Up & Tango	
In The Groove 2	H	S	8	Pick Me Up & Tango	
In The Groove 2	M	S	6	Pick Me Up & Tango	
In The Groove 2	N	S	1	Pick Me Up & Tango	
In The Groove 2	E	D	3	Psalm Pilot	
In The Groove 2	H	D	8	Psalm Pilot	
In The Groove 2	M	D	6	Psalm Pilot	
In The Groove 2	X	D	9	Psalm Pilot	
In The Groove 2	E	S	3	Psalm Pilot	
In The Groove 2	H	S	8	Psalm Pilot	
In The Groove 2	M	S	5	Psalm Pilot	
In The Groove 2	N	S	1	Psalm Pilot	
In The Groove 2	X	S	9	Psalm Pilot	
In The Groove 2	E	D	2	Reactor	
In The Groove 2	H	D	7	Reactor	
In The Groove 2	M	D	5	Reactor	
In The Groove 2	X	D	10	Reactor	
In The Groove 2	E	S	3	Reactor	
In The Groove 2	H	S	7	Reactor	
In The Groove 2	M	S	5	Reactor	
In The Groove 2	N	S	1	Reactor	
In The Groove 2	E	D	3	Renaissance	
In The Groove 2	H	D	9	Renaissance	
In The Groove 2	M	D	6	Renaissance	
In The Groove 2	X	D	11	Renaissance	
In The Groove 2	E	S	3	Renaissance	
In The Groove 2	H	S	8	Renaissance	
In The Groove 2	M	S	5	Renaissance	
In The Groove 2	N	S	1	Renaissance	
In The Groove 2	X	S	9	Renaissance	
In The Groove 2	E	D	2	Ride the Bass	
In The Groove 2	H	D	8	Ride the Bass	
In The Groove 2	M	D	6	Ride the Bass	
In The Groove 2	X	D	9	Ride the Bass	
In The Groove 2	E	S	2	Ride the Bass	
In The Groove 2	H	S	7	Ride the Bass	
In The Groove 2	M	S	4	Ride the Bass	
In The Groove 2	N	S	1	Ride the Bass	
In The Groove 2	X	S	9	Ride the Bass	
In The Groove 2	E	D	4	Robotix	
In The Groove 2	H	D	9	Robotix	
In The Groove 2	M	D	6	Robotix	
In The Groove 2	X	D	11	Robotix	
In The Groove 2	E	S	4	Robotix	
In The Groove 2	H	S	8	Robotix	
In The Groove 2	M	S	6	Robotix	
In The Groove 2	N	S	1	Robotix	
In The Groove 2	X	S	11	Robotix	
In The Groove 2	E	D	2	Soapy Bubble	
In The Groove 2	H	D	8	Soapy Bubble	
In The Groove 2	M	D	5	Soapy Bubble	
In The Groove 2	X	D	10	Soapy Bubble	
In The Groove 2	E	S	3	Soapy Bubble	
In The Groove 2	H	S	8	Soapy Bubble	
In The Groove 2	M	S	5	Soapy Bubble	
In The Groove 2	N	S	1	Soapy Bubble	
In The Groove 2	X	S	10	Soapy Bubble	
In The Groove 2	E	D	3	Spaceman	
In The Groove 2	H	D	7	Spaceman	
In The Groove 2	M	D	5	Spaceman	
In The Groove 2	X	D	9	Spaceman	
In The Groove 2	E	S	3	Spaceman	
In The Groove 2	H	S	7	Spaceman	
In The Groove 2	M	S	5	Spaceman	
In The Groove 2	N	S	1	Spaceman	
In The Groove 2	X	S	9	Spaceman	
In The Groove 2	E	D	3	Spacy Crazy Girl	
In The Groove 2	H	D	7	Spacy Crazy Girl	
In The Groove 2	M	D	6	Spacy Crazy Girl	
In The Groove 2	X	D	9	Spacy Crazy Girl	
In The Groove 2	E	S	3	Spacy Crazy Girl	
In The Groove 2	H	S	7	Spacy Crazy Girl	
In The Groove 2	M	S	5	Spacy Crazy Girl	
In The Groove 2	N	S	1	Spacy Crazy Girl	
In The Groove 2	X	S	9	Spacy Crazy Girl	
In The Groove 2	E	D	3	Spin Chicken	
In The Groove 2	H	D	7	Spin Chicken	
In The Groove 2	M	D	5	Spin Chicken	
In The Groove 2	X	D	9	Spin Chicken	
In The Groove 2	E	S	2	Spin Chicken	
In The Groove 2	H	S	7	Spin Chicken	
In The Groove 2	M	S	4	Spin Chicken	
In The Groove 2	N	S	1	Spin Chicken	
In The Groove 2	X	S	10	Spin Chicken	
In The Groove 2	E	D	4	Summer	~Speedy Mix~
In The Groove 2	H	D	9	Summer	~Speedy Mix~
In The Groove 2	M	D	7	Summer	~Speedy Mix~
In The Groove 2	X	D	11	Summer	~Speedy Mix~
In The Groove 2	E	S	4	Summer	~Speedy Mix~
In The Groove 2	H	S	9	Summer	~Speedy Mix~
In The Groove 2	M	S	6	Summer	~Speedy Mix~
In The Groove 2	N	S	1	Summer	~Speedy Mix~
In The Groove 2	X	S	13	Summer	~Speedy Mix~
In The Groove 2	E	D	3	Summer in Belize	
In The Groove 2	H	D	9	Summer in Belize	
In The Groove 2	M	D	6	Summer in Belize	
In The Groove 2	X	D	11	Summer in Belize	
In The Groove 2	E	S	3	Summer in Belize	
In The Groove 2	H	S	8	Summer in Belize	
In The Groove 2	M	S	5	Summer in Belize	
In The Groove 2	N	S	1	Summer in Belize	
In The Groove 2	X	S	10	Summer in Belize	
In The Groove 2	E	D	3	Sunshine	
In The Groove 2	H	D	9	Sunshine	
In The Groove 2	M	D	5	Sunshine	
In The Groove 2	X	D	10	Sunshine	
In The Groove 2	E	S	3	Sunshine	
In The Groove 2	H	S	7	Sunshine	
In The Groove 2	M	S	5	Sunshine	
In The Groove 2	N	S	1	Sunshine	
In The Groove 2	X	S	10	Sunshine	
In The Groove 2	E	D	3	Sweet World	
In The Groove 2	H	D	7	Sweet World	
In The Groove 2	M	D	6	Sweet World	
In The Groove 2	X	D	11	Sweet World	
In The Groove 2	E	S	3	Sweet World	
In The Groove 2	H	S	8	Sweet World	
In The Groove 2	M	S	6	Sweet World	
In The Groove 2	N	S	1	Sweet World	
In The Groove 2	X	S	10	Sweet World	
In The Groove 2	E	D	3	Temple of Boom	
In The Groove 2	H	D	9	Temple of Boom	
In The Groove 2	M	D	6	Temple of Boom	
In The Groove 2	X	D	10	Temple of Boom	
In The Groove 2	E	S	3	Temple of Boom	
In The Groove 2	H	S	9	Temple of Boom	
In The Groove 2	M	S	6	Temple of Boom	
In The Groove 2	N	S	1	Temple of Boom	
In The Groove 2	X	S	10	Temple of Boom	
In The Groove 2	E	D	3	The Message	
In The Groove 2	H	D	7	The Message	
In The Groove 2	M	D	5	The Message	
In The Groove 2	X	D	9	The Message	
In The Groove 2	E	S	3	The Message	
In The Groove 2	H	S	7	The Message	
In The Groove 2	M	S	5	The Message	
In The Groove 2	N	S	1	The Message	
In The Groove 2	X	S	9	The Message	
In The Groove 2	E	D	3	This is Rock & Roll	
In The Groove 2	H	D	8	This is Rock & Roll	
In The Groove 2	M	D	6	This is Rock & Roll	
In The Groove 2	X	D	9	This is Rock & Roll	
In The Groove 2	E	S	3	This is Rock & Roll	
In The Groove 2	H	S	7	This is Rock & Roll	
In The Groove 2	M	S	5	This is Rock & Roll	
In The Groove 2	N	S	1	This is Rock & Roll	
In The Groove 2	X	S	9	This is Rock & Roll	
In The Groove 2	E	D	3	Tribal Style	
In The Groove 2	H	D	9	Tribal Style	
In The Groove 2	M	D	5	Tribal Style	
In The Groove 2	X	D	11	Tribal Style	
In The Groove 2	E	S	3	Tribal Style	
In The Groove 2	H	S	9	Tribal Style	
In The Groove 2	M	S	6	Tribal Style	
In The Groove 2	N	S	1	Tribal Style	
In The Groove 2	X	S	10	Tribal Style	
In The Groove 2	E	D	3	Twilight	
In The Groove 2	H	D	9	Twilight	
In The Groove 2	M	D	6	Twilight	
In The Groove 2	X	D	10	Twilight	
In The Groove 2	E	S	6	Twilight	
In The Groove 2	H	S	8	Twilight	
In The Groove 2	M	S	7	Twilight	
In The Groove 2	N	S	1	Twilight	
In The Groove 2	X	S	10	Twilight	
In The Groove 2	E	D	3	Typical Tropical	
In The Groove 2	H	D	7	Typical Tropical	
In The Groove 2	M	D	6	Typical Tropical	
In The Groove 2	X	D	9	Typical Tropical	
In The Groove 2	E	S	3	Typical Tropical	
In The Groove 2	H	S	7	Typical Tropical	
In The Groove 2	M	S	5	Typical Tropical	
In The Groove 2	N	S	1	Typical Tropical	
In The Groove 2	X	S	9	Typical Tropical	
In The Groove 2	E	D	5	VerTex²	
In The Groove 2	H	D	10	VerTex²	
In The Groove 2	M	D	8	VerTex²	
In The Groove 2	X	D	13	VerTex²	
In The Groove 2	E	S	5	VerTex²	
In The Groove 2	H	S	11	VerTex²	
In The Groove 2	M	S	8	VerTex²	
In The Groove 2	N	S	1	VerTex²	
In The Groove 2	X	S	13	VerTex²	
In The Groove 2	E	D	3	Visible Noise	
In The Groove 2	H	D	9	Visible Noise	
In The Groove 2	M	D	6	Visible Noise	
In The Groove 2	X	D	10	Visible Noise	
In The Groove 2	E	S	4	Visible Noise	
In The Groove 2	H	S	9	Visible Noise	
In The Groove 2	M	S	6	Visible Noise	
In The Groove 2	N	S	1	Visible Noise	
In The Groove 2	X	S	10	Visible Noise	
In The Groove 2	E	D	3	Vorsprung Durch	-Techno-
In The Groove 2	H	D	9	Vorsprung Durch	-Techno-
In The Groove 2	M	D	6	Vorsprung Durch	-Techno-
In The Groove 2	X	D	10	Vorsprung Durch	-Techno-
In The Groove 2	E	S	4	Vorsprung Durch	-Techno-
In The Groove 2	H	S	8	Vorsprung Durch	-Techno-
In The Groove 2	M	S	6	Vorsprung Durch	-Techno-
In The Groove 2	N	S	1	Vorsprung Durch	-Techno-
In The Groove 2	X	S	10	Vorsprung Durch	-Techno-
In The Groove 2	E	D	3	Wake Up	
In The Groove 2	H	D	8	Wake Up	
In The Groove 2	M	D	6	Wake Up	
In The Groove 2	X	D	9	Wake Up	
In The Groove 2	E	S	4	Wake Up	
In The Groove 2	H	S	8	Wake Up	
In The Groove 2	M	S	6	Wake Up	
In The Groove 2	N	S	1	Wake Up	
In The Groove 2	X	S	9	Wake Up	
In The Groove 2	E	D	2	Wanna Do	~Hardhouse Mix~
In The Groove 2	H	D	9	Wanna Do	~Hardhouse Mix~
In The Groove 2	M	D	5	Wanna Do	~Hardhouse Mix~
In The Groove 2	X	D	10	Wanna Do	~Hardhouse Mix~
In The Groove 2	E	S	3	Wanna Do	~Hardhouse Mix~
In The Groove 2	H	S	8	Wanna Do	~Hardhouse Mix~
In The Groove 2	M	S	6	Wanna Do	~Hardhouse Mix~
In The Groove 2	N	S	1	Wanna Do	~Hardhouse Mix~
In The Groove 2	X	S	10	Wanna Do	~Hardhouse Mix~
In The Groove 2	E	D	3	We Know What To Do	
In The Groove 2	H	D	8	We Know What To Do	
In The Groove 2	M	D	5	We Know What To Do	
In The Groove 2	X	D	9	We Know What To Do	
In The Groove 2	E	S	2	We Know What To Do	
In The Groove 2	H	S	7	We Know What To Do	
In The Groove 2	M	S	4	We Know What To Do	
In The Groove 2	N	S	1	We Know What To Do	
In The Groove 2	X	S	9	We Know What To Do	
In The Groove Rebirth	E	D	4	30 Minutes Harder	
In The Groove Rebirth	H	D	8	30 Minutes Harder	
In The Groove Rebirth	M	D	6	30 Minutes Harder	
In The Groove Rebirth	X	D	11	30 Minutes Harder	
In The Groove Rebirth	E	S	4	30 Minutes Harder	
In The Groove Rebirth	H	S	8	30 Minutes Harder	
In The Groove Rebirth	M	S	6	30 Minutes Harder	
In The Groove Rebirth	N	S	1	30 Minutes Harder	
In The Groove Rebirth	X	S	10	30 Minutes Harder	
In The Groove Rebirth	E	D	4	Asian Crosscounter	
In The Groove Rebirth	H	D	9	Asian Crosscounter	
In The Groove Rebirth	M	D	7	Asian Crosscounter	
In The Groove Rebirth	X	D	11	Asian Crosscounter	
In The Groove Rebirth	E	S	3	Asian Crosscounter	
In The Groove Rebirth	H	S	9	Asian Crosscounter	
In The Groove Rebirth	M	S	6	Asian Crosscounter	
In The Groove Rebirth	N	S	1	Asian Crosscounter	
In The Groove Rebirth	X	S	11	Asian Crosscounter	
In The Groove Rebirth	E	D	1	Aurora	
In The Groove Rebirth	H	D	8	Aurora	
In The Groove Rebirth	M	D	6	Aurora	
In The Groove Rebirth	X	D	9	Aurora	
In The Groove Rebirth	E	S	6	Aurora	
In The Groove Rebirth	H	S	9	Aurora	
In The Groove Rebirth	M	S	7	Aurora	
In The Groove Rebirth	N	S	1	Aurora	
In The Groove Rebirth	X	S	10	Aurora	
In The Groove Rebirth	E	D	3	Baby Seal	
In The Groove Rebirth	H	D	8	Baby Seal	
In The Groove Rebirth	M	D	5	Baby Seal	
In The Groove Rebirth	X	D	9	Baby Seal	
In The Groove Rebirth	E	S	3	Baby Seal	
In The Groove Rebirth	H	S	8	Baby Seal	
In The Groove Rebirth	M	S	6	Baby Seal	
In The Groove Rebirth	N	S	1	Baby Seal	
In The Groove Rebirth	X	S	9	Baby Seal	
In The Groove Rebirth	E	D	3	Banana Bay	
In The Groove Rebirth	H	D	7	Banana Bay	
In The Groove Rebirth	M	D	6	Banana Bay	
In The Groove Rebirth	X	D	9	Banana Bay	
In The Groove Rebirth	E	S	3	Banana Bay	
In The Groove Rebirth	H	S	7	Banana Bay	
In The Groove Rebirth	M	S	5	Banana Bay	
In The Groove Rebirth	N	S	1	Banana Bay	
In The Groove Rebirth	X	S	9	Banana Bay	
In The Groove Rebirth	E	D	2	Beautiful Morning	
In The Groove Rebirth	H	D	7	Beautiful Morning	
In The Groove Rebirth	M	D	5	Beautiful Morning	
In The Groove Rebirth	X	D	9	Beautiful Morning	
In The Groove Rebirth	E	S	2	Beautiful Morning	
In The Groove Rebirth	H	S	7	Beautiful Morning	
In The Groove Rebirth	M	S	5	Beautiful Morning	
In The Groove Rebirth	N	S	1	Beautiful Morning	
In The Groove Rebirth	X	S	9	Beautiful Morning	
In The Groove Rebirth	E	D	2	Burning Me Up	
In The Groove Rebirth	H	D	7	Burning Me Up	
In The Groove Rebirth	M	D	5	Burning Me Up	
In The Groove Rebirth	X	D	9	Burning Me Up	
In The Groove Rebirth	E	S	4	Burning Me Up	
In The Groove Rebirth	H	S	8	Burning Me Up	
In The Groove Rebirth	M	S	6	Burning Me Up	
In The Groove Rebirth	N	S	1	Burning Me Up	
In The Groove Rebirth	X	S	9	Burning Me Up	
In The Groove Rebirth	E	D	3	Calendar Girl	
In The Groove Rebirth	H	D	8	Calendar Girl	
In The Groove Rebirth	M	D	5	Calendar Girl	
In The Groove Rebirth	X	D	9	Calendar Girl	
In The Groove Rebirth	E	S	2	Calendar Girl	
In The Groove Rebirth	H	S	7	Calendar Girl	
In The Groove Rebirth	M	S	5	Calendar Girl	
In The Groove Rebirth	N	S	1	Calendar Girl	
In The Groove Rebirth	X	S	10	Calendar Girl	
In The Groove Rebirth	E	D	2	Charly	(Halloween Dub)
In The Groove Rebirth	H	D	8	Charly	(Halloween Dub)
In The Groove Rebirth	M	D	4	Charly	(Halloween Dub)
In The Groove Rebirth	X	D	9	Charly	(Halloween Dub)
In The Groove Rebirth	E	S	2	Charly	(Halloween Dub)
In The Groove Rebirth	H	S	9	Charly	(Halloween Dub)
In The Groove Rebirth	M	S	5	Charly	(Halloween Dub)
In The Groove Rebirth	N	S	1	Charly	(Halloween Dub)
In The Groove Rebirth	X	S	10	Charly	(Halloween Dub)
In The Groove Rebirth	E	D	3	Cherry Blossom Whirlwind	LMK Remix
In The Groove Rebirth	H	D	9	Cherry Blossom Whirlwind	LMK Remix
In The Groove Rebirth	M	D	7	Cherry Blossom Whirlwind	LMK Remix
In The Groove Rebirth	X	D	10	Cherry Blossom Whirlwind	LMK Remix
In The Groove Rebirth	E	S	4	Cherry Blossom Whirlwind	LMK Remix
In The Groove Rebirth	H	S	9	Cherry Blossom Whirlwind	LMK Remix
In The Groove Rebirth	M	S	6	Cherry Blossom Whirlwind	LMK Remix
In The Groove Rebirth	N	S	1	Cherry Blossom Whirlwind	LMK Remix
In The Groove Rebirth	X	S	11	Cherry Blossom Whirlwind	LMK Remix
In The Groove Rebirth	E	D	4	Chromatic Blitz	
In The Groove Rebirth	H	D	11	Chromatic Blitz	
In The Groove Rebirth	M	D	7	Chromatic Blitz	
In The Groove Rebirth	X	D	13	Chromatic Blitz	
In The Groove Rebirth	E	S	6	Chromatic Blitz	
In The Groove Rebirth	H	S	11	Chromatic Blitz	
In The Groove Rebirth	M	S	8	Chromatic Blitz	
In The Groove Rebirth	N	S	1	Chromatic Blitz	
In The Groove Rebirth	X	S	14	Chromatic Blitz	
In The Groove Rebirth	E	D	3	Cloud Nine and a Half	
In The Groove Rebirth	H	D	9	Cloud Nine and a Half	
In The Groove Rebirth	M	D	5	Cloud Nine and a Half	
In The Groove Rebirth	X	D	10	Cloud Nine and a Half	
In The Groove Rebirth	E	S	2	Cloud Nine and a Half	
In The Groove Rebirth	H	S	8	Cloud Nine and a Half	
In The Groove Rebirth	M	S	6	Cloud Nine and a Half	
In The Groove Rebirth	N	S	1	Cloud Nine and a Half	
In The Groove Rebirth	X	S	10	Cloud Nine and a Half	
In The Groove Rebirth	E	D	3	Clouds From The East	
In The Groove Rebirth	H	D	7	Clouds From The East	
In The Groove Rebirth	M	D	6	Clouds From The East	
In The Groove Rebirth	X	D	9	Clouds From The East	
In The Groove Rebirth	E	S	4	Clouds From The East	
In The Groove Rebirth	H	S	7	Clouds From The East	
In The Groove Rebirth	M	S	6	Clouds From The East	
In The Groove Rebirth	N	S	1	Clouds From The East	
In The Groove Rebirth	X	S	9	Clouds From The East	
In The Groove Rebirth	E	D	2	Come With Me	
In The Groove Rebirth	H	D	8	Come With Me	
In The Groove Rebirth	M	D	5	Come With Me	
In The Groove Rebirth	X	D	9	Come With Me	
In The Groove Rebirth	E	S	3	Come With Me	
In The Groove Rebirth	H	S	9	Come With Me	
In The Groove Rebirth	M	S	6	Come With Me	
In The Groove Rebirth	N	S	1	Come With Me	
In The Groove Rebirth	X	S	9	Come With Me	
In The Groove Rebirth	E	D	3	Dead Souls	
In The Groove Rebirth	H	D	8	Dead Souls	
In The Groove Rebirth	M	D	6	Dead Souls	
In The Groove Rebirth	X	D	10	Dead Souls	
In The Groove Rebirth	E	S	3	Dead Souls	
In The Groove Rebirth	H	S	8	Dead Souls	
In The Groove Rebirth	M	S	5	Dead Souls	
In The Groove Rebirth	N	S	1	Dead Souls	
In The Groove Rebirth	X	S	12	Dead Souls	
In The Groove Rebirth	E	D	3	Disconnected	-Delight Mix-
In The Groove Rebirth	H	D	8	Disconnected	-Delight Mix-
In The Groove Rebirth	M	D	7	Disconnected	-Delight Mix-
In The Groove Rebirth	X	D	12	Disconnected	-Delight Mix-
In The Groove Rebirth	E	S	4	Disconnected	-Delight Mix-
In The Groove Rebirth	H	S	8	Disconnected	-Delight Mix-
In The Groove Rebirth	M	S	6	Disconnected	-Delight Mix-
In The Groove Rebirth	N	S	1	Disconnected	-Delight Mix-
In The Groove Rebirth	X	S	12	Disconnected	-Delight Mix-
In The Groove Rebirth	E	D	3	Disconnected	Sanxion7 remix
In The Groove Rebirth	H	D	9	Disconnected	Sanxion7 remix
In The Groove Rebirth	M	D	6	Disconnected	Sanxion7 remix
In The Groove Rebirth	X	D	11	Disconnected	Sanxion7 remix
In The Groove Rebirth	E	S	3	Disconnected	Sanxion7 remix
In The Groove Rebirth	H	S	9	Disconnected	Sanxion7 remix
In The Groove Rebirth	M	S	5	Disconnected	Sanxion7 remix
In The Groove Rebirth	N	S	1	Disconnected	Sanxion7 remix
In The Groove Rebirth	X	S	11	Disconnected	Sanxion7 remix
In The Groove Rebirth	E	D	3	Do You Do You Love Me	
In The Groove Rebirth	H	D	7	Do You Do You Love Me	
In The Groove Rebirth	M	D	5	Do You Do You Love Me	
In The Groove Rebirth	X	D	9	Do You Do You Love Me	
In The Groove Rebirth	E	S	3	Do You Do You Love Me	
In The Groove Rebirth	H	S	8	Do You Do You Love Me	
In The Groove Rebirth	M	S	6	Do You Do You Love Me	
In The Groove Rebirth	N	S	1	Do You Do You Love Me	
In The Groove Rebirth	X	S	9	Do You Do You Love Me	
In The Groove Rebirth	E	D	3	Dr. Doolittle	
In The Groove Rebirth	H	D	8	Dr. Doolittle	
In The Groove Rebirth	M	D	5	Dr. Doolittle	
In The Groove Rebirth	X	D	10	Dr. Doolittle	
In The Groove Rebirth	E	S	3	Dr. Doolittle	
In The Groove Rebirth	H	S	7	Dr. Doolittle	
In The Groove Rebirth	M	S	5	Dr. Doolittle	
In The Groove Rebirth	N	S	1	Dr. Doolittle	
In The Groove Rebirth	X	S	9	Dr. Doolittle	
In The Groove Rebirth	E	D	5	Duality	
In The Groove Rebirth	H	D	9	Duality	
In The Groove Rebirth	M	D	8	Duality	
In The Groove Rebirth	X	D	12	Duality	
In The Groove Rebirth	E	S	4	Duality	
In The Groove Rebirth	H	S	9	Duality	
In The Groove Rebirth	M	S	7	Duality	
In The Groove Rebirth	N	S	1	Duality	
In The Groove Rebirth	X	S	10	Duality	
In The Groove Rebirth	E	D	4	Enchanted Journey	
In The Groove Rebirth	H	D	8	Enchanted Journey	
In The Groove Rebirth	M	D	5	Enchanted Journey	
In The Groove Rebirth	X	D	10	Enchanted Journey	
In The Groove Rebirth	E	S	3	Enchanted Journey	
In The Groove Rebirth	H	S	8	Enchanted Journey	
In The Groove Rebirth	M	S	4	Enchanted Journey	
In The Groove Rebirth	N	S	1	Enchanted Journey	
In The Groove Rebirth	X	S	10	Enchanted Journey	
In The Groove Rebirth	E	D	7	Epileptic Crisis	
In The Groove Rebirth	H	D	11	Epileptic Crisis	
In The Groove Rebirth	M	D	9	Epileptic Crisis	
In The Groove Rebirth	X	D	13	Epileptic Crisis	
In The Groove Rebirth	E	S	7	Epileptic Crisis	
In The Groove Rebirth	H	S	11	Epileptic Crisis	
In The Groove Rebirth	M	S	8	Epileptic Crisis	
In The Groove Rebirth	N	S	1	Epileptic Crisis	
In The Groove Rebirth	X	S	13	Epileptic Crisis	
In The Groove Rebirth	E	D	3	EternuS	
In The Groove Rebirth	H	D	9	EternuS	
In The Groove Rebirth	M	D	6	EternuS	
In The Groove Rebirth	X	D	10	EternuS	
In The Groove Rebirth	E	S	4	EternuS	
In The Groove Rebirth	H	S	9	EternuS	
In The Groove Rebirth	M	S	6	EternuS	
In The Groove Rebirth	N	S	1	EternuS	
In The Groove Rebirth	X	S	10	EternuS	
In The Groove Rebirth	E	D	4	Etude for a Dragon	
In The Groove Rebirth	H	D	8	Etude for a Dragon	
In The Groove Rebirth	M	D	6	Etude for a Dragon	
In The Groove Rebirth	X	D	9	Etude for a Dragon	
In The Groove Rebirth	E	S	4	Etude for a Dragon	
In The Groove Rebirth	H	S	8	Etude for a Dragon	
In The Groove Rebirth	M	S	6	Etude for a Dragon	
In The Groove Rebirth	N	S	1	Etude for a Dragon	
In The Groove Rebirth	X	S	11	Etude for a Dragon	
In The Groove Rebirth	E	D	4	Galaxy9	
In The Groove Rebirth	H	D	9	Galaxy9	
In The Groove Rebirth	M	D	7	Galaxy9	
In The Groove Rebirth	X	D	10	Galaxy9	
In The Groove Rebirth	E	S	4	Galaxy9	
In The Groove Rebirth	H	S	9	Galaxy9	
In The Groove Rebirth	M	S	6	Galaxy9	
In The Groove Rebirth	N	S	1	Galaxy9	
In The Groove Rebirth	X	S	10	Galaxy9	
In The Groove Rebirth	E	D	4	Gargoyle	Original Mix
In The Groove Rebirth	H	D	9	Gargoyle	Original Mix
In The Groove Rebirth	M	D	7	Gargoyle	Original Mix
In The Groove Rebirth	X	D	12	Gargoyle	Original Mix
In The Groove Rebirth	E	S	4	Gargoyle	Original Mix
In The Groove Rebirth	H	S	8	Gargoyle	Original Mix
In The Groove Rebirth	M	S	6	Gargoyle	Original Mix
In The Groove Rebirth	N	S	1	Gargoyle	Original Mix
In The Groove Rebirth	X	S	12	Gargoyle	Original Mix
In The Groove Rebirth	E	D	4	Get Down	
In The Groove Rebirth	H	D	10	Get Down	
In The Groove Rebirth	M	D	7	Get Down	
In The Groove Rebirth	X	D	13	Get Down	
In The Groove Rebirth	E	S	6	Get Down	
In The Groove Rebirth	H	S	10	Get Down	
In The Groove Rebirth	M	S	9	Get Down	
In The Groove Rebirth	N	S	1	Get Down	
In The Groove Rebirth	X	S	12	Get Down	
In The Groove Rebirth	E	D	3	Ice Cold	
In The Groove Rebirth	H	D	8	Ice Cold	
In The Groove Rebirth	M	D	5	Ice Cold	
In The Groove Rebirth	X	D	10	Ice Cold	
In The Groove Rebirth	E	S	4	Ice Cold	
In The Groove Rebirth	H	S	8	Ice Cold	
In The Groove Rebirth	M	S	6	Ice Cold	
In The Groove Rebirth	N	S	1	Ice Cold	
In The Groove Rebirth	X	S	9	Ice Cold	
In The Groove Rebirth	E	D	4	Indulgence	
In The Groove Rebirth	H	D	10	Indulgence	
In The Groove Rebirth	M	D	7	Indulgence	
In The Groove Rebirth	X	D	12	Indulgence	
In The Groove Rebirth	E	S	5	Indulgence	
In The Groove Rebirth	H	S	10	Indulgence	
In The Groove Rebirth	M	S	8	Indulgence	
In The Groove Rebirth	N	S	1	Indulgence	
In The Groove Rebirth	X	S	13	Indulgence	
In The Groove Rebirth	E	D	3	Journey	
In The Groove Rebirth	H	D	8	Journey	
In The Groove Rebirth	M	D	5	Journey	
In The Groove Rebirth	X	D	10	Journey	
In The Groove Rebirth	E	S	3	Journey	
In The Groove Rebirth	H	S	7	Journey	
In The Groove Rebirth	M	S	5	Journey	
In The Groove Rebirth	N	S	1	Journey	
In The Groove Rebirth	X	S	9	Journey	
In The Groove Rebirth	E	D	3	July	O-Cho 8bit Remix
In The Groove Rebirth	H	D	9	July	O-Cho 8bit Remix
In The Groove Rebirth	M	D	8	July	O-Cho 8bit Remix
In The Groove Rebirth	X	D	12	July	O-Cho 8bit Remix
In The Groove Rebirth	E	S	4	July	O-Cho 8bit Remix
In The Groove Rebirth	H	S	9	July	O-Cho 8bit Remix
In The Groove Rebirth	M	S	6	July	O-Cho 8bit Remix
In The Groove Rebirth	N	S	1	July	O-Cho 8bit Remix
In The Groove Rebirth	X	S	12	July	O-Cho 8bit Remix
In The Groove Rebirth	E	D	4	King's Theme	(Pixel Remix)
In The Groove Rebirth	H	D	8	King's Theme	(Pixel Remix)
In The Groove Rebirth	M	D	6	King's Theme	(Pixel Remix)
In The Groove Rebirth	X	D	10	King's Theme	(Pixel Remix)
In The Groove Rebirth	E	S	4	King's Theme	(Pixel Remix)
In The Groove Rebirth	H	S	9	King's Theme	(Pixel Remix)
In The Groove Rebirth	M	S	7	King's Theme	(Pixel Remix)
In The Groove Rebirth	N	S	1	King's Theme	(Pixel Remix)
In The Groove Rebirth	X	S	10	King's Theme	(Pixel Remix)
In The Groove Rebirth	E	D	3	Lady Bug	
In The Groove Rebirth	H	D	8	Lady Bug	
In The Groove Rebirth	M	D	5	Lady Bug	
In The Groove Rebirth	X	D	9	Lady Bug	
In The Groove Rebirth	E	S	2	Lady Bug	
In The Groove Rebirth	H	S	8	Lady Bug	
In The Groove Rebirth	M	S	5	Lady Bug	
In The Groove Rebirth	N	S	1	Lady Bug	
In The Groove Rebirth	X	S	9	Lady Bug	
In The Groove Rebirth	E	D	2	Last Man Standing	
In The Groove Rebirth	H	D	8	Last Man Standing	
In The Groove Rebirth	M	D	6	Last Man Standing	
In The Groove Rebirth	X	D	10	Last Man Standing	
In The Groove Rebirth	E	S	3	Last Man Standing	
In The Groove Rebirth	H	S	7	Last Man Standing	
In The Groove Rebirth	M	S	5	Last Man Standing	
In The Groove Rebirth	N	S	1	Last Man Standing	
In The Groove Rebirth	X	S	11	Last Man Standing	
In The Groove Rebirth	E	D	3	Legacy	
In The Groove Rebirth	H	D	8	Legacy	
In The Groove Rebirth	M	D	6	Legacy	
In The Groove Rebirth	X	D	9	Legacy	
In The Groove Rebirth	E	S	4	Legacy	
In The Groove Rebirth	H	S	8	Legacy	
In The Groove Rebirth	M	S	5	Legacy	
In The Groove Rebirth	N	S	1	Legacy	
In The Groove Rebirth	X	S	10	Legacy	
In The Groove Rebirth	E	D	3	Les Vacances Du Compositeur	
In The Groove Rebirth	H	D	8	Les Vacances Du Compositeur	
In The Groove Rebirth	M	D	5	Les Vacances Du Compositeur	
In The Groove Rebirth	X	D	9	Les Vacances Du Compositeur	
In The Groove Rebirth	E	S	4	Les Vacances Du Compositeur	
In The Groove Rebirth	H	S	9	Les Vacances Du Compositeur	
In The Groove Rebirth	M	S	7	Les Vacances Du Compositeur	
In The Groove Rebirth	N	S	1	Les Vacances Du Compositeur	
In The Groove Rebirth	X	S	11	Les Vacances Du Compositeur	
In The Groove Rebirth	E	D	3	Little Red Riding Hood	
In The Groove Rebirth	H	D	7	Little Red Riding Hood	
In The Groove Rebirth	M	D	4	Little Red Riding Hood	
In The Groove Rebirth	X	D	9	Little Red Riding Hood	
In The Groove Rebirth	E	S	3	Little Red Riding Hood	
In The Groove Rebirth	H	S	7	Little Red Riding Hood	
In The Groove Rebirth	M	S	5	Little Red Riding Hood	
In The Groove Rebirth	N	S	1	Little Red Riding Hood	
In The Groove Rebirth	X	S	9	Little Red Riding Hood	
In The Groove Rebirth	E	D	3	Machine Rhythm	
In The Groove Rebirth	H	D	9	Machine Rhythm	
In The Groove Rebirth	M	D	5	Machine Rhythm	
In The Groove Rebirth	X	D	10	Machine Rhythm	
In The Groove Rebirth	E	S	4	Machine Rhythm	
In The Groove Rebirth	H	S	8	Machine Rhythm	
In The Groove Rebirth	M	S	5	Machine Rhythm	
In The Groove Rebirth	N	S	1	Machine Rhythm	
In The Groove Rebirth	X	S	9	Machine Rhythm	
In The Groove Rebirth	E	D	3	Machines Will Fall	Dreamerz
In The Groove Rebirth	H	D	8	Machines Will Fall	Dreamerz
In The Groove Rebirth	M	D	6	Machines Will Fall	Dreamerz
In The Groove Rebirth	X	D	11	Machines Will Fall	Dreamerz
In The Groove Rebirth	E	S	4	Machines Will Fall	Dreamerz
In The Groove Rebirth	H	S	9	Machines Will Fall	Dreamerz
In The Groove Rebirth	M	S	7	Machines Will Fall	Dreamerz
In The Groove Rebirth	N	S	1	Machines Will Fall	Dreamerz
In The Groove Rebirth	X	S	11	Machines Will Fall	Dreamerz
In The Groove Rebirth	E	D	3	Me And My Lover	
In The Groove Rebirth	H	D	9	Me And My Lover	
In The Groove Rebirth	M	D	6	Me And My Lover	
In The Groove Rebirth	X	D	11	Me And My Lover	
In The Groove Rebirth	E	S	4	Me And My Lover	
In The Groove Rebirth	H	S	9	Me And My Lover	
In The Groove Rebirth	M	S	6	Me And My Lover	
In The Groove Rebirth	N	S	1	Me And My Lover	
In The Groove Rebirth	X	S	12	Me And My Lover	
In The Groove Rebirth	E	D	3	Megascorcher	
In The Groove Rebirth	H	D	8	Megascorcher	
In The Groove Rebirth	M	D	6	Megascorcher	
In The Groove Rebirth	X	D	9	Megascorcher	
In The Groove Rebirth	E	S	4	Megascorcher	
In The Groove Rebirth	H	S	8	Megascorcher	
In The Groove Rebirth	M	S	6	Megascorcher	
In The Groove Rebirth	N	S	1	Megascorcher	
In The Groove Rebirth	X	S	10	Megascorcher	
In The Groove Rebirth	E	D	4	Metallik Heart	
In The Groove Rebirth	H	D	9	Metallik Heart	
In The Groove Rebirth	M	D	6	Metallik Heart	
In The Groove Rebirth	X	D	11	Metallik Heart	
In The Groove Rebirth	E	S	3	Metallik Heart	
In The Groove Rebirth	H	S	9	Metallik Heart	
In The Groove Rebirth	M	S	6	Metallik Heart	
In The Groove Rebirth	N	S	1	Metallik Heart	
In The Groove Rebirth	X	S	12	Metallik Heart	
In The Groove Rebirth	E	D	3	Mongolian Grill	
In The Groove Rebirth	H	D	8	Mongolian Grill	
In The Groove Rebirth	M	D	5	Mongolian Grill	
In The Groove Rebirth	X	D	11	Mongolian Grill	
In The Groove Rebirth	E	S	3	Mongolian Grill	
In The Groove Rebirth	H	S	7	Mongolian Grill	
In The Groove Rebirth	M	S	6	Mongolian Grill	
In The Groove Rebirth	N	S	1	Mongolian Grill	
In The Groove Rebirth	X	S	9	Mongolian Grill	
In The Groove Rebirth	E	D	1	Necropolis	
In The Groove Rebirth	H	D	7	Necropolis	
In The Groove Rebirth	M	D	4	Necropolis	
In The Groove Rebirth	X	D	9	Necropolis	
In The Groove Rebirth	E	S	2	Necropolis	
In The Groove Rebirth	H	S	7	Necropolis	
In The Groove Rebirth	M	S	4	Necropolis	
In The Groove Rebirth	N	S	1	Necropolis	
In The Groove Rebirth	X	S	9	Necropolis	
In The Groove Rebirth	E	D	3	Night Time Story	
In The Groove Rebirth	H	D	9	Night Time Story	
In The Groove Rebirth	M	D	6	Night Time Story	
In The Groove Rebirth	X	D	10	Night Time Story	
In The Groove Rebirth	E	S	2	Night Time Story	
In The Groove Rebirth	H	S	7	Night Time Story	
In The Groove Rebirth	M	S	4	Night Time Story	
In The Groove Rebirth	N	S	1	Night Time Story	
In The Groove Rebirth	X	S	10	Night Time Story	
In The Groove Rebirth	E	D	4	Nights In Heaven - Days In Hell	
In The Groove Rebirth	H	D	9	Nights In Heaven - Days In Hell	
In The Groove Rebirth	M	D	6	Nights In Heaven - Days In Hell	
In The Groove Rebirth	X	D	10	Nights In Heaven - Days In Hell	
In The Groove Rebirth	E	S	3	Nights In Heaven - Days In Hell	
In The Groove Rebirth	H	S	8	Nights In Heaven - Days In Hell	
In The Groove Rebirth	M	S	6	Nights In Heaven - Days In Hell	
In The Groove Rebirth	N	S	1	Nights In Heaven - Days In Hell	
In The Groove Rebirth	X	S	9	Nights In Heaven - Days In Hell	
In The Groove Rebirth	E	D	4	Ode to Dragon	
In The Groove Rebirth	H	D	8	Ode to Dragon	
In The Groove Rebirth	M	D	6	Ode to Dragon	
In The Groove Rebirth	X	D	10	Ode to Dragon	
In The Groove Rebirth	E	S	3	Ode to Dragon	
In The Groove Rebirth	H	S	7	Ode to Dragon	
In The Groove Rebirth	M	S	5	Ode to Dragon	
In The Groove Rebirth	N	S	1	Ode to Dragon	
In The Groove Rebirth	X	S	10	Ode to Dragon	
In The Groove Rebirth	E	D	3	One Thousand Cranes	
In The Groove Rebirth	H	D	8	One Thousand Cranes	
In The Groove Rebirth	M	D	5	One Thousand Cranes	
In The Groove Rebirth	X	D	11	One Thousand Cranes	
In The Groove Rebirth	E	S	3	One Thousand Cranes	
In The Groove Rebirth	H	S	8	One Thousand Cranes	
In The Groove Rebirth	M	S	6	One Thousand Cranes	
In The Groove Rebirth	N	S	1	One Thousand Cranes	
In The Groove Rebirth	X	S	10	One Thousand Cranes	
In The Groove Rebirth	E	D	5	Over the Rave	
In The Groove Rebirth	H	D	9	Over the Rave	
In The Groove Rebirth	M	D	7	Over the Rave	
In The Groove Rebirth	X	D	12	Over the Rave	
In The Groove Rebirth	E	S	5	Over the Rave	
In The Groove Rebirth	H	S	9	Over the Rave	
In The Groove Rebirth	M	S	6	Over the Rave	
In The Groove Rebirth	N	S	1	Over the Rave	
In The Groove Rebirth	X	S	12	Over the Rave	
In The Groove Rebirth	E	D	1	Overdrive	
In The Groove Rebirth	H	D	8	Overdrive	
In The Groove Rebirth	M	D	5	Overdrive	
In The Groove Rebirth	X	D	11	Overdrive	
In The Groove Rebirth	E	S	3	Overdrive	
In The Groove Rebirth	H	S	8	Overdrive	
In The Groove Rebirth	M	S	5	Overdrive	
In The Groove Rebirth	N	S	1	Overdrive	
In The Groove Rebirth	X	S	9	Overdrive	
In The Groove Rebirth	E	D	2	Palindrome	
In The Groove Rebirth	H	D	7	Palindrome	
In The Groove Rebirth	M	D	5	Palindrome	
In The Groove Rebirth	X	D	9	Palindrome	
In The Groove Rebirth	E	S	4	Palindrome	
In The Groove Rebirth	H	S	8	Palindrome	
In The Groove Rebirth	M	S	5	Palindrome	
In The Groove Rebirth	N	S	1	Palindrome	
In The Groove Rebirth	X	S	10	Palindrome	
In The Groove Rebirth	E	D	3	Popcorn	
In The Groove Rebirth	H	D	9	Popcorn	
In The Groove Rebirth	M	D	6	Popcorn	
In The Groove Rebirth	X	D	10	Popcorn	
In The Groove Rebirth	E	S	3	Popcorn	
In The Groove Rebirth	H	S	7	Popcorn	
In The Groove Rebirth	M	S	5	Popcorn	
In The Groove Rebirth	N	S	1	Popcorn	
In The Groove Rebirth	X	S	10	Popcorn	
In The Groove Rebirth	E	D	2	Progression	
In The Groove Rebirth	H	D	7	Progression	
In The Groove Rebirth	M	D	6	Progression	
In The Groove Rebirth	X	D	9	Progression	
In The Groove Rebirth	E	S	3	Progression	
In The Groove Rebirth	H	S	7	Progression	
In The Groove Rebirth	M	S	6	Progression	
In The Groove Rebirth	N	S	1	Progression	
In The Groove Rebirth	X	S	9	Progression	
In The Groove Rebirth	E	D	4	ReaF	
In The Groove Rebirth	H	D	11	ReaF	
In The Groove Rebirth	M	D	7	ReaF	
In The Groove Rebirth	X	D	14	ReaF	
In The Groove Rebirth	E	S	5	ReaF	
In The Groove Rebirth	H	S	11	ReaF	
In The Groove Rebirth	M	S	9	ReaF	
In The Groove Rebirth	N	S	1	ReaF	
In The Groove Rebirth	X	S	14	ReaF	
In The Groove Rebirth	E	D	3	Reloading 150	
In The Groove Rebirth	H	D	7	Reloading 150	
In The Groove Rebirth	M	D	5	Reloading 150	
In The Groove Rebirth	X	D	9	Reloading 150	
In The Groove Rebirth	E	S	4	Reloading 150	
In The Groove Rebirth	H	S	7	Reloading 150	
In The Groove Rebirth	M	S	5	Reloading 150	
In The Groove Rebirth	N	S	1	Reloading 150	
In The Groove Rebirth	X	S	10	Reloading 150	
In The Groove Rebirth	E	D	3	Remember December	
In The Groove Rebirth	H	D	8	Remember December	
In The Groove Rebirth	M	D	5	Remember December	
In The Groove Rebirth	X	D	9	Remember December	
In The Groove Rebirth	E	S	2	Remember December	
In The Groove Rebirth	H	S	7	Remember December	
In The Groove Rebirth	M	S	4	Remember December	
In The Groove Rebirth	N	S	1	Remember December	
In The Groove Rebirth	X	S	9	Remember December	
In The Groove Rebirth	E	D	5	Rock Steady	
In The Groove Rebirth	H	D	9	Rock Steady	
In The Groove Rebirth	M	D	6	Rock Steady	
In The Groove Rebirth	X	D	12	Rock Steady	
In The Groove Rebirth	E	S	6	Rock Steady	
In The Groove Rebirth	H	S	9	Rock Steady	
In The Groove Rebirth	M	S	7	Rock Steady	
In The Groove Rebirth	N	S	1	Rock Steady	
In The Groove Rebirth	X	S	11	Rock Steady	
In The Groove Rebirth	E	D	3	Safety Net	
In The Groove Rebirth	H	D	8	Safety Net	
In The Groove Rebirth	M	D	5	Safety Net	
In The Groove Rebirth	X	D	9	Safety Net	
In The Groove Rebirth	E	S	3	Safety Net	
In The Groove Rebirth	H	S	7	Safety Net	
In The Groove Rebirth	M	S	5	Safety Net	
In The Groove Rebirth	N	S	1	Safety Net	
In The Groove Rebirth	X	S	9	Safety Net	
In The Groove Rebirth	E	D	4	Sail AwaY	
In The Groove Rebirth	H	D	9	Sail AwaY	
In The Groove Rebirth	M	D	8	Sail AwaY	
In The Groove Rebirth	X	D	12	Sail AwaY	
In The Groove Rebirth	E	S	4	Sail AwaY	
In The Groove Rebirth	H	S	9	Sail AwaY	
In The Groove Rebirth	M	S	7	Sail AwaY	
In The Groove Rebirth	N	S	1	Sail AwaY	
In The Groove Rebirth	X	S	12	Sail AwaY	
In The Groove Rebirth	E	D	3	Save the Last Dance for Me	
In The Groove Rebirth	H	D	6	Save the Last Dance for Me	
In The Groove Rebirth	M	D	4	Save the Last Dance for Me	
In The Groove Rebirth	X	D	9	Save the Last Dance for Me	
In The Groove Rebirth	E	S	3	Save the Last Dance for Me	
In The Groove Rebirth	H	S	7	Save the Last Dance for Me	
In The Groove Rebirth	M	S	5	Save the Last Dance for Me	
In The Groove Rebirth	N	S	1	Save the Last Dance for Me	
In The Groove Rebirth	X	S	9	Save the Last Dance for Me	
In The Groove Rebirth	E	D	3	Shooting Star	
In The Groove Rebirth	H	D	8	Shooting Star	
In The Groove Rebirth	M	D	5	Shooting Star	
In The Groove Rebirth	X	D	9	Shooting Star	
In The Groove Rebirth	E	S	2	Shooting Star	
In The Groove Rebirth	H	S	7	Shooting Star	
In The Groove Rebirth	M	S	5	Shooting Star	
In The Groove Rebirth	N	S	1	Shooting Star	
In The Groove Rebirth	X	S	9	Shooting Star	
In The Groove Rebirth	E	D	3	Skyline	
In The Groove Rebirth	H	D	7	Skyline	
In The Groove Rebirth	M	D	6	Skyline	
In The Groove Rebirth	X	D	10	Skyline	
In The Groove Rebirth	E	S	4	Skyline	
In The Groove Rebirth	H	S	6	Skyline	
In The Groove Rebirth	M	S	5	Skyline	
In The Groove Rebirth	N	S	1	Skyline	
In The Groove Rebirth	X	S	9	Skyline	
In The Groove Rebirth	E	D	4	Sonic Vision	
In The Groove Rebirth	H	D	8	Sonic Vision	
In The Groove Rebirth	M	D	5	Sonic Vision	
In The Groove Rebirth	X	D	9	Sonic Vision	
In The Groove Rebirth	E	S	4	Sonic Vision	
In The Groove Rebirth	H	S	8	Sonic Vision	
In The Groove Rebirth	M	S	6	Sonic Vision	
In The Groove Rebirth	N	S	1	Sonic Vision	
In The Groove Rebirth	X	S	11	Sonic Vision	
In The Groove Rebirth	E	D	3	Space Space Shooter	
In The Groove Rebirth	H	D	9	Space Space Shooter	
In The Groove Rebirth	M	D	6	Space Space Shooter	
In The Groove Rebirth	X	D	11	Space Space Shooter	
In The Groove Rebirth	E	S	4	Space Space Shooter	
In The Groove Rebirth	H	S	9	Space Space Shooter	
In The Groove Rebirth	M	S	6	Space Space Shooter	
In The Groove Rebirth	N	S	1	Space Space Shooter	
In The Groove Rebirth	X	S	11	Space Space Shooter	
In The Groove Rebirth	E	D	5	Space War III	
In The Groove Rebirth	H	D	9	Space War III	
In The Groove Rebirth	M	D	7	Space War III	
In The Groove Rebirth	X	D	11	Space War III	
In The Groove Rebirth	E	S	4	Space War III	
In The Groove Rebirth	H	S	9	Space War III	
In The Groove Rebirth	M	S	7	Space War III	
In The Groove Rebirth	N	S	1	Space War III	
In The Groove Rebirth	X	S	11	Space War III	
In The Groove Rebirth	E	D	4	Stars Above	
In The Groove Rebirth	H	D	9	Stars Above	
In The Groove Rebirth	M	D	6	Stars Above	
In The Groove Rebirth	X	D	10	Stars Above	
In The Groove Rebirth	E	S	3	Stars Above	
In The Groove Rebirth	H	S	8	Stars Above	
In The Groove Rebirth	M	S	6	Stars Above	
In The Groove Rebirth	N	S	1	Stars Above	
In The Groove Rebirth	X	S	10	Stars Above	
In The Groove Rebirth	E	D	4	Stop the Music	
In The Groove Rebirth	H	D	8	Stop the Music	
In The Groove Rebirth	M	D	6	Stop the Music	
In The Groove Rebirth	X	D	9	Stop the Music	
In The Groove Rebirth	E	S	3	Stop the Music	
In The Groove Rebirth	H	S	8	Stop the Music	
In The Groove Rebirth	M	S	6	Stop the Music	
In The Groove Rebirth	N	S	1	Stop the Music	
In The Groove Rebirth	X	S	10	Stop the Music	
In The Groove Rebirth	E	D	3	Strikebeam	
In The Groove Rebirth	H	D	9	Strikebeam	
In The Groove Rebirth	M	D	5	Strikebeam	
In The Groove Rebirth	X	D	11	Strikebeam	
In The Groove Rebirth	E	S	3	Strikebeam	
In The Groove Rebirth	H	S	9	Strikebeam	
In The Groove Rebirth	M	S	5	Strikebeam	
In The Groove Rebirth	N	S	1	Strikebeam	
In The Groove Rebirth	X	S	11	Strikebeam	
In The Groove Rebirth	E	D	3	Sugar Sweet	
In The Groove Rebirth	H	D	8	Sugar Sweet	
In The Groove Rebirth	M	D	6	Sugar Sweet	
In The Groove Rebirth	X	D	9	Sugar Sweet	
In The Groove Rebirth	E	S	2	Sugar Sweet	
In The Groove Rebirth	H	S	7	Sugar Sweet	
In The Groove Rebirth	M	S	5	Sugar Sweet	
In The Groove Rebirth	N	S	1	Sugar Sweet	
In The Groove Rebirth	X	S	9	Sugar Sweet	
In The Groove Rebirth	E	D	3	Summer	
In The Groove Rebirth	H	D	9	Summer	
In The Groove Rebirth	M	D	6	Summer	
In The Groove Rebirth	X	D	11	Summer	
In The Groove Rebirth	E	S	3	Summer	
In The Groove Rebirth	H	S	8	Summer	
In The Groove Rebirth	M	S	5	Summer	
In The Groove Rebirth	N	S	1	Summer	
In The Groove Rebirth	X	S	10	Summer	
In The Groove Rebirth	E	D	3	Supremacy	
In The Groove Rebirth	H	D	8	Supremacy	
In The Groove Rebirth	M	D	6	Supremacy	
In The Groove Rebirth	X	D	11	Supremacy	
In The Groove Rebirth	E	S	3	Supremacy	
In The Groove Rebirth	H	S	9	Supremacy	
In The Groove Rebirth	M	S	7	Supremacy	
In The Groove Rebirth	N	S	1	Supremacy	
In The Groove Rebirth	X	S	11	Supremacy	
In The Groove Rebirth	E	D	5	Synth Synth Synth	
In The Groove Rebirth	H	D	8	Synth Synth Synth	
In The Groove Rebirth	M	D	7	Synth Synth Synth	
In The Groove Rebirth	X	D	10	Synth Synth Synth	
In The Groove Rebirth	E	S	4	Synth Synth Synth	
In The Groove Rebirth	H	S	7	Synth Synth Synth	
In The Groove Rebirth	M	S	6	Synth Synth Synth	
In The Groove Rebirth	N	S	1	Synth Synth Synth	
In The Groove Rebirth	X	S	10	Synth Synth Synth	
In The Groove Rebirth	E	D	3	Tears in May	
In The Groove Rebirth	H	D	8	Tears in May	
In The Groove Rebirth	M	D	4	Tears in May	
In The Groove Rebirth	X	D	9	Tears in May	
In The Groove Rebirth	E	S	3	Tears in May	
In The Groove Rebirth	H	S	8	Tears in May	
In The Groove Rebirth	M	S	6	Tears in May	
In The Groove Rebirth	N	S	1	Tears in May	
In The Groove Rebirth	X	S	11	Tears in May	
In The Groove Rebirth	E	D	3	TechLo	
In The Groove Rebirth	H	D	9	TechLo	
In The Groove Rebirth	M	D	6	TechLo	
In The Groove Rebirth	X	D	10	TechLo	
In The Groove Rebirth	E	S	4	TechLo	
In The Groove Rebirth	H	S	8	TechLo	
In The Groove Rebirth	M	S	5	TechLo	
In The Groove Rebirth	N	S	1	TechLo	
In The Groove Rebirth	X	S	9	TechLo	
In The Groove Rebirth	E	D	3	The Man Crossing the Channel	
In The Groove Rebirth	H	D	9	The Man Crossing the Channel	
In The Groove Rebirth	M	D	5	The Man Crossing the Channel	
In The Groove Rebirth	X	D	10	The Man Crossing the Channel	
In The Groove Rebirth	E	S	4	The Man Crossing the Channel	
In The Groove Rebirth	H	S	7	The Man Crossing the Channel	
In The Groove Rebirth	M	S	5	The Man Crossing the Channel	
In The Groove Rebirth	N	S	1	The Man Crossing the Channel	
In The Groove Rebirth	X	S	11	The Man Crossing the Channel	
In The Groove Rebirth	E	D	3	This Must Be A Dream	
In The Groove Rebirth	H	D	9	This Must Be A Dream	
In The Groove Rebirth	M	D	6	This Must Be A Dream	
In The Groove Rebirth	X	D	10	This Must Be A Dream	
In The Groove Rebirth	E	S	4	This Must Be A Dream	
In The Groove Rebirth	H	S	8	This Must Be A Dream	
In The Groove Rebirth	M	S	5	This Must Be A Dream	
In The Groove Rebirth	N	S	1	This Must Be A Dream	
In The Groove Rebirth	X	S	10	This Must Be A Dream	
In The Groove Rebirth	E	D	2	Unspeakable	
In The Groove Rebirth	H	D	6	Unspeakable	
In The Groove Rebirth	M	D	4	Unspeakable	
In The Groove Rebirth	X	D	9	Unspeakable	
In The Groove Rebirth	E	S	2	Unspeakable	
In The Groove Rebirth	H	S	7	Unspeakable	
In The Groove Rebirth	M	S	4	Unspeakable	
In The Groove Rebirth	N	S	1	Unspeakable	
In The Groove Rebirth	X	S	9	Unspeakable	
In The Groove Rebirth	E	D	3	Vi Sitter I Ventrilo Och Spelar DotA	
In The Groove Rebirth	H	D	8	Vi Sitter I Ventrilo Och Spelar DotA	
In The Groove Rebirth	M	D	6	Vi Sitter I Ventrilo Och Spelar DotA	
In The Groove Rebirth	X	D	9	Vi Sitter I Ventrilo Och Spelar DotA	
In The Groove Rebirth	E	S	3	Vi Sitter I Ventrilo Och Spelar DotA	
In The Groove Rebirth	H	S	7	Vi Sitter I Ventrilo Och Spelar DotA	
In The Groove Rebirth	M	S	5	Vi Sitter I Ventrilo Och Spelar DotA	
In The Groove Rebirth	N	S	1	Vi Sitter I Ventrilo Och Spelar DotA	
In The Groove Rebirth	X	S	9	Vi Sitter I Ventrilo Och Spelar DotA	
In The Groove Rebirth	E	D	5	Vifta med Handerna	
In The Groove Rebirth	H	D	9	Vifta med Handerna	
In The Groove Rebirth	M	D	7	Vifta med Handerna	
In The Groove Rebirth	X	D	12	Vifta med Handerna	
In The Groove Rebirth	E	S	4	Vifta med Handerna	
In The Groove Rebirth	H	S	8	Vifta med Handerna	
In The Groove Rebirth	M	S	5	Vifta med Handerna	
In The Groove Rebirth	N	S	1	Vifta med Handerna	
In The Groove Rebirth	X	S	10	Vifta med Handerna	
In The Groove Rebirth	E	D	5	We Met Dat Night	
In The Groove Rebirth	H	D	9	We Met Dat Night	
In The Groove Rebirth	M	D	6	We Met Dat Night	
In The Groove Rebirth	X	D	11	We Met Dat Night	
In The Groove Rebirth	E	S	3	We Met Dat Night	
In The Groove Rebirth	H	S	9	We Met Dat Night	
In The Groove Rebirth	M	S	6	We Met Dat Night	
In The Groove Rebirth	N	S	1	We Met Dat Night	
In The Groove Rebirth	X	S	12	We Met Dat Night	
In The Groove Rebirth	E	D	3	Wish	
In The Groove Rebirth	H	D	7	Wish	
In The Groove Rebirth	M	D	5	Wish	
In The Groove Rebirth	X	D	10	Wish	
In The Groove Rebirth	E	S	3	Wish	
In The Groove Rebirth	H	S	7	Wish	
In The Groove Rebirth	M	S	5	Wish	
In The Groove Rebirth	N	S	1	Wish	
In The Groove Rebirth	X	S	9	Wish	
In The Groove Rebirth	E	D	3	Wish	Remix
In The Groove Rebirth	H	D	9	Wish	Remix
In The Groove Rebirth	M	D	5	Wish	Remix
In The Groove Rebirth	X	D	11	Wish	Remix
In The Groove Rebirth	E	S	3	Wish	Remix
In The Groove Rebirth	H	S	7	Wish	Remix
In The Groove Rebirth	M	S	5	Wish	Remix
In The Groove Rebirth	N	S	1	Wish	Remix
In The Groove Rebirth	X	S	9	Wish	Remix
In The Groove Rebirth	E	D	3	Y1	
In The Groove Rebirth	H	D	9	Y1	
In The Groove Rebirth	M	D	6	Y1	
In The Groove Rebirth	X	D	10	Y1	
In The Groove Rebirth	E	S	2	Y1	
In The Groove Rebirth	H	S	6	Y1	
In The Groove Rebirth	M	S	5	Y1	
In The Groove Rebirth	N	S	1	Y1	
In The Groove Rebirth	X	S	9	Y1	
In The Groove Rebirth	E	D	2	You Are My Dream	
In The Groove Rebirth	H	D	7	You Are My Dream	
In The Groove Rebirth	M	D	5	You Are My Dream	
In The Groove Rebirth	X	D	9	You Are My Dream	
In The Groove Rebirth	E	S	3	You Are My Dream	
In The Groove Rebirth	H	S	7	You Are My Dream	
In The Groove Rebirth	M	S	5	You Are My Dream	
In The Groove Rebirth	N	S	1	You Are My Dream	
In The Groove Rebirth	X	S	9	You Are My Dream	
In The Groove Rebirth	E	D	2	You Wanna Me	
In The Groove Rebirth	H	D	8	You Wanna Me	
In The Groove Rebirth	M	D	5	You Wanna Me	
In The Groove Rebirth	X	D	10	You Wanna Me	
In The Groove Rebirth	E	S	3	You Wanna Me	
In The Groove Rebirth	H	S	8	You Wanna Me	
In The Groove Rebirth	M	S	5	You Wanna Me	
In The Groove Rebirth	N	S	1	You Wanna Me	
In The Groove Rebirth	X	S	10	You Wanna Me	
